sample_index,site,patient_id,slice_id,is_positive,dice_medsam,iou_medsam,sensitivity_medsam,precision_medsam,dice_unet,iou_unet,sensitivity_unet,precision_unet,dice_difference_medsam_minus_unet,iou_difference_medsam_minus_unet,sensitivity_difference_medsam_minus_unet,precision_difference_medsam_minus_unet
0,Singapore,60,0,False,1.0,1.0,1.0,1.0,1.0,1.0,1.0,1.0,0.0,0.0,0.0,0.0
1,Singapore,60,1,False,1.0,1.0,1.0,1.0,1.0,1.0,1.0,1.0,0.0,0.0,0.0,0.0
2,Singapore,60,2,False,1.0,1.0,1.0,1.0,1.0,1.0,1.0,1.0,0.0,0.0,0.0,0.0
3,Singapore,60,3,False,1.0,1.0,1.0,1.0,1.0,1.0,1.0,1.0,0.0,0.0,0.0,0.0
4,Singapore,60,4,False,1.0,1.0,1.0,1.0,1.0,1.0,1.0,1.0,0.0,0.0,0.0,0.0
5,Singapore,60,5,False,1.0,1.0,1.0,1.0,1.0,1.0,1.0,1.0,0.0,0.0,0.0,0.0
6,Singapore,60,6,False,1.0,1.0,1.0,1.0,1.0,1.0,1.0,1.0,0.0,0.0,0.0,0.0
7,Singapore,60,7,False,1.0,1.0,1.0,1.0,1.0,1.0,1.0,1.0,0.0,0.0,0.0,0.0
8,Singapore,60,8,False,1.0,1.0,1.0,1.0,1.0,1.0,1.0,1.0,0.0,0.0,0.0,0.0
9,Singapore,60,9,False,1.0,1.0,1.0,1.0,1.0,1.0,1.0,1.0,0.0,0.0,0.0,0.0
10,Singapore,60,10,True,0.6322722283608921,0.46227929382627947,1.0,0.46227929382627947,3.472222221016589e-10,3.472222221016589e-10,3.472222221016589e-10,1.0,0.6322722280136699,0.4622792934790573,0.9999999996527777,-0.5377207061737206
11,Singapore,60,11,True,0.7811975377850477,0.6409550046243383,0.8512195122132659,0.7218200620763371,1.2195121949732302e-10,1.2195121949732302e-10,1.2195121949732302e-10,1.0,0.7811975376630965,0.6409550045023871,0.8512195120913146,-0.2781799379236629
12,Singapore,60,12,True,0.3493589743937308,0.21165048548791907,0.21456692918539588,0.9396551724311336,0.13235294122963523,0.07086614179325025,0.07086614179325025,1.0,0.21700603316409559,0.1407843436946688,0.14370078739214565,-0.06034482756886639
13,Singapore,60,13,True,0.7544264819154625,0.6056860321546895,0.6074380165451473,0.9952606635074299,0.25160370637022084,0.1439054219672277,0.14586776863033607,0.9145077720428736,0.5028227755452417,0.46178061018746186,0.4615702479148112,0.08075289146455633
14,Singapore,60,14,True,0.8630406291001624,0.7590778098121569,0.979910714287209,0.7710772833857683,7.440476189922583e-11,7.440476189922583e-11,7.440476189922583e-11,1.0,0.8630406290257576,0.7590778097377521,0.9799107142128042,-0.2289227166142317
15,Singapore,60,15,True,0.7281921618376617,0.5725646123685323,0.682464455013926,0.780487804907793,1.179245282879806e-10,1.179245282879806e-10,1.1848341230823657e-10,2.4999999375000013e-08,0.7281921617197371,0.5725646122506077,0.6824644548954426,0.7804877799077936
16,Singapore,60,16,False,1.0,1.0,1.0,1.0,4.3859649103570327e-10,4.3859649103570327e-10,1.0,4.3859649103570327e-10,0.9999999995614035,0.9999999995614035,0.0,0.9999999995614035
17,Singapore,60,17,False,1.0,1.0,1.0,1.0,1.2499999843750002e-08,1.2499999843750002e-08,1.0,1.2499999843750002e-08,0.9999999875000002,0.9999999875000002,0.0,0.9999999875000002
18,Singapore,60,18,False,1.0,1.0,1.0,1.0,1.0,1.0,1.0,1.0,0.0,0.0,0.0,0.0
19,Singapore,60,19,False,1.0,1.0,1.0,1.0,3.610108301945809e-10,3.610108301945809e-10,1.0,3.610108301945809e-10,0.9999999996389892,0.9999999996389892,0.0,0.9999999996389892
20,Singapore,60,20,False,1.0,1.0,1.0,1.0,3.0303030211202937e-09,3.0303030211202937e-09,1.0,3.0303030211202937e-09,0.999999996969697,0.999999996969697,0.0,0.999999996969697
21,Singapore,60,21,True,0.6884226884468979,0.5248815166439714,0.9229166666827257,0.5489467162888543,0.5122859270653547,0.3443443444099756,0.7166666667256945,0.3986095018078089,0.17613676138154322,0.18053717223399585,0.2062499999570312,0.15033721448104537
22,Singapore,60,22,True,0.6338215712871077,0.4639376219368543,0.6611111112052469,0.6086956522739908,0.40355329956807706,0.2527821940774591,0.4416666668217592,0.37149532724965056,0.23026827171903064,0.21115542785939517,0.2194444443834877,0.23720032502434024
23,Singapore,60,23,True,0.72773536896664,0.5720000000244571,0.6727150537854357,0.7925574030251339,0.6400000000093506,0.4705882353143397,0.8279569892588738,0.5215918713157667,0.0877353689572894,0.10141176471011737,-0.15524193547343812,0.2709655317093672
24,Singapore,60,24,True,0.815941385437212,0.6891055691038983,0.8314479638047184,0.8010026155230819,0.7581909547762995,0.6105535772157566,0.8533936651616879,0.6820976491920054,0.057750430660912455,0.07855199188814166,-0.021945701356969494,0.1189049663310765
25,Singapore,60,25,True,0.6711254612571408,0.5050329746673026,0.9033526490086227,0.5338796477552118,0.7608140397152442,0.6139627659625803,0.9555049668883381,0.6320328542144827,-0.08968857845810341,-0.10892979129527769,-0.052152317879715415,-0.09815320645927095
26,Singapore,60,26,True,0.7408734602492623,0.5884027036714976,0.8705263157928809,0.644834307999126,0.7850807368684889,0.6461999251283003,0.9084210526339889,0.6912294753766274,-0.04420727661922663,-0.05779722145680266,-0.037894736841108,-0.04639516737750138
27,Singapore,60,27,True,0.650328367774705,0.4818419178793989,0.7724505327288347,0.5615491009742524,0.7124087591264201,0.5532879818650379,0.8356164383592919,0.620865139954469,-0.06208039135171506,-0.07144606398563902,-0.06316590563045721,-0.059316038980216645
28,Singapore,60,28,True,0.8554374488973391,0.7473924846442721,0.9235522598883553,0.7966798659793378,0.7836146682204336,0.6442158152931664,0.9507415254245984,0.666460396043732,0.0718227806769055,0.1031766693511057,-0.027189265536243123,0.13021946993560585
29,Singapore,60,29,True,0.8439810426550144,0.7300754345716619,0.9453567383926196,0.7622417532272315,0.7972278371366028,0.6628253145139458,0.9770668176673688,0.6733001658406662,0.046753205518411556,0.06725012005771613,-0.031710079274749225,0.08894158738656532
30,Singapore,60,30,True,0.8777269214772768,0.7820974576294268,0.8608908582105772,0.8952346307760974,0.8638358627261179,0.7603090384458688,0.952425373134883,0.7903241412695662,0.013891058751158925,0.021788419183558005,-0.09153451492430575,0.10491048950653126
31,Singapore,60,31,True,0.9065525323555154,0.8290773532168773,0.9669565217394896,0.853251486669353,0.9058871460587397,0.8279649972088255,0.9667391304351441,0.8522422384069352,0.0006653862967757052,0.001112356008051707,0.00021739130434550447,0.0010092482624177723
32,Singapore,60,32,True,0.9172720102946442,0.8471860144161387,0.9385830784918571,0.8969072164956823,0.8611153320169385,0.7561040693812134,0.9627930682979715,0.7788620120960771,0.05615667827770576,0.09108194503492528,-0.02420998980611444,0.1180452043996052
33,Singapore,60,33,True,0.9074178935450615,0.8305260430174234,0.8807364660629243,0.9357664233581331,0.9002838100707922,0.8186510468026524,0.9697719153615707,0.8400880795105631,0.007134083474269359,0.01187499621477095,-0.08903544929864637,0.09567834384757001
34,Singapore,60,34,True,0.9171092292237796,0.8469083438276432,0.8779197581761616,0.9599609375003008,0.9208919382507001,0.8533825025441673,0.9220939818636844,0.9196930245311793,-0.003782709026920572,-0.006474158716524014,-0.04417422368752277,0.04026791296912147
35,Singapore,60,35,True,0.9294091282590221,0.868127267653725,0.8953655728274658,0.9661438111510627,0.9319389797752056,0.8725521876825919,0.9715745538286444,0.8954105319014762,-0.0025298515161834567,-0.004424920028866852,-0.07620898100117868,0.0707332792495865
36,Singapore,60,36,True,0.9169160183526984,0.8465788746675884,0.8702196137838866,0.9689080944354036,0.9111021541497106,0.8367195854253786,0.9628928436201922,0.8645983850415249,0.005813864202987795,0.009859289242209801,-0.09267322983630566,0.10430970939387874
37,Singapore,60,37,True,0.8932505818472207,0.807093789432117,0.8411747516095679,0.9521998015224579,0.8688480622242937,0.7681090693566317,0.946668614845899,0.8028500619603116,0.024402519622927055,0.03898472007548526,-0.10549386323633114,0.14934973956214626
38,Singapore,60,38,True,0.7309427689448837,0.575973053908085,0.5883027523093157,0.9648902821338626,0.8184536522892256,0.6926970354413342,0.7324159021509016,0.927395934175828,-0.08751088334434187,-0.11672398153324925,-0.14411314984158585,0.037494347958034635
39,Singapore,60,39,False,1.0,1.0,1.0,1.0,1.0,1.0,1.0,1.0,0.0,0.0,0.0,0.0
40,Singapore,60,40,True,0.7861271677536837,0.6476190479546485,0.9444444445216049,0.673267327056171,0.4552845530669575,0.2947368424764543,0.7777777780864198,0.3218390808495178,0.33084261468672627,0.3528822054781942,0.16666666643518513,0.3514282462066532
41,Singapore,60,41,False,1.0,1.0,1.0,1.0,4.878048778108268e-10,4.878048778108268e-10,1.0,4.878048778108268e-10,0.9999999995121951,0.9999999995121951,0.0,0.9999999995121951
42,Singapore,60,42,False,1.0,1.0,1.0,1.0,4.4843049307245266e-10,4.4843049307245266e-10,1.0,4.4843049307245266e-10,0.9999999995515695,0.9999999995515695,0.0,0.9999999995515695
43,Singapore,60,43,False,1.0,1.0,1.0,1.0,9.999999000000099e-08,9.999999000000099e-08,1.0,9.999999000000099e-08,0.99999990000001,0.99999990000001,0.0,0.99999990000001
44,Singapore,60,44,False,1.0,1.0,1.0,1.0,1.1627906963223365e-09,1.1627906963223365e-09,1.0,1.1627906963223365e-09,0.9999999988372094,0.9999999988372094,0.0,0.9999999988372094
45,Singapore,60,45,False,1.0,1.0,1.0,1.0,1.1111110987654323e-08,1.1111110987654323e-08,1.0,1.1111110987654323e-08,0.999999988888889,0.999999988888889,0.0,0.999999988888889
46,Singapore,60,46,False,1.0,1.0,1.0,1.0,1.0,1.0,1.0,1.0,0.0,0.0,0.0,0.0
47,Singapore,60,47,False,1.0,1.0,1.0,1.0,1.0,1.0,1.0,1.0,0.0,0.0,0.0,0.0
48,Amsterdam,112,0,False,1.0,1.0,1.0,1.0,1.0,1.0,1.0,1.0,0.0,0.0,0.0,0.0
49,Amsterdam,112,1,False,1.0,1.0,1.0,1.0,1.0,1.0,1.0,1.0,0.0,0.0,0.0,0.0
50,Amsterdam,112,2,False,1.0,1.0,1.0,1.0,1.0,1.0,1.0,1.0,0.0,0.0,0.0,0.0
51,Amsterdam,112,3,False,1.0,1.0,1.0,1.0,1.0,1.0,1.0,1.0,0.0,0.0,0.0,0.0
52,Amsterdam,112,4,False,1.0,1.0,1.0,1.0,1.0,1.0,1.0,1.0,0.0,0.0,0.0,0.0
53,Amsterdam,112,5,False,1.0,1.0,1.0,1.0,1.0,1.0,1.0,1.0,0.0,0.0,0.0,0.0
54,Amsterdam,112,6,False,1.0,1.0,1.0,1.0,1.0,1.0,1.0,1.0,0.0,0.0,0.0,0.0
55,Amsterdam,112,7,False,1.0,1.0,1.0,1.0,1.0,1.0,1.0,1.0,0.0,0.0,0.0,0.0
56,Amsterdam,112,8,False,1.0,1.0,1.0,1.0,1.0,1.0,1.0,1.0,0.0,0.0,0.0,0.0
57,Amsterdam,112,9,False,1.0,1.0,1.0,1.0,1.0,1.0,1.0,1.0,0.0,0.0,0.0,0.0
58,Amsterdam,112,10,False,1.0,1.0,1.0,1.0,1.0,1.0,1.0,1.0,0.0,0.0,0.0,0.0
59,Amsterdam,112,11,False,1.0,1.0,1.0,1.0,1.0,1.0,1.0,1.0,0.0,0.0,0.0,0.0
60,Amsterdam,112,12,False,1.0,1.0,1.0,1.0,1.0,1.0,1.0,1.0,0.0,0.0,0.0,0.0
61,Amsterdam,112,13,False,1.0,1.0,1.0,1.0,1.0,1.0,1.0,1.0,0.0,0.0,0.0,0.0
62,Amsterdam,112,14,False,1.0,1.0,1.0,1.0,4.34782606805293e-09,4.34782606805293e-09,1.0,4.34782606805293e-09,0.9999999956521739,0.9999999956521739,0.0,0.9999999956521739
63,Amsterdam,112,15,False,1.0,1.0,1.0,1.0,1.470588233131488e-09,1.470588233131488e-09,1.0,1.470588233131488e-09,0.9999999985294118,0.9999999985294118,0.0,0.9999999985294118
64,Amsterdam,112,16,False,1.0,1.0,1.0,1.0,1.0,1.0,1.0,1.0,0.0,0.0,0.0,0.0
65,Amsterdam,112,17,False,1.0,1.0,1.0,1.0,1.0,1.0,1.0,1.0,0.0,0.0,0.0,0.0
66,Amsterdam,112,18,False,1.0,1.0,1.0,1.0,8.196721304756786e-10,8.196721304756786e-10,1.0,8.196721304756786e-10,0.9999999991803279,0.9999999991803279,0.0,0.9999999991803279
67,Amsterdam,112,19,False,1.0,1.0,1.0,1.0,2.873563217565068e-10,2.873563217565068e-10,1.0,2.873563217565068e-10,0.9999999997126436,0.9999999997126436,0.0,0.9999999997126436
68,Amsterdam,112,20,False,1.0,1.0,1.0,1.0,4.830917872062359e-10,4.830917872062359e-10,1.0,4.830917872062359e-10,0.9999999995169082,0.9999999995169082,0.0,0.9999999995169082
69,Amsterdam,112,21,False,1.0,1.0,1.0,1.0,1.0,1.0,1.0,1.0,0.0,0.0,0.0,0.0
70,Amsterdam,112,22,False,1.0,1.0,1.0,1.0,1.0,1.0,1.0,1.0,0.0,0.0,0.0,0.0
71,Amsterdam,112,23,False,1.0,1.0,1.0,1.0,1.0,1.0,1.0,1.0,0.0,0.0,0.0,0.0
72,Amsterdam,112,24,False,1.0,1.0,1.0,1.0,1.6666666388888892e-08,1.6666666388888892e-08,1.0,1.6666666388888892e-08,0.9999999833333336,0.9999999833333336,0.0,0.9999999833333336
73,Amsterdam,112,25,False,1.0,1.0,1.0,1.0,1.0,1.0,1.0,1.0,0.0,0.0,0.0,0.0
74,Amsterdam,112,26,False,1.0,1.0,1.0,1.0,3.2258064412070756e-09,3.2258064412070756e-09,1.0,3.2258064412070756e-09,0.9999999967741936,0.9999999967741936,0.0,0.9999999967741936
75,Amsterdam,112,27,False,1.0,1.0,1.0,1.0,1.0,1.0,1.0,1.0,0.0,0.0,0.0,0.0
76,Amsterdam,112,28,False,1.0,1.0,1.0,1.0,1.0,1.0,1.0,1.0,0.0,0.0,0.0,0.0
77,Amsterdam,112,29,False,1.0,1.0,1.0,1.0,1.0,1.0,1.0,1.0,0.0,0.0,0.0,0.0
78,Amsterdam,112,30,False,1.0,1.0,1.0,1.0,1.0,1.0,1.0,1.0,0.0,0.0,0.0,0.0
79,Amsterdam,112,31,False,1.0,1.0,1.0,1.0,1.0,1.0,1.0,1.0,0.0,0.0,0.0,0.0
80,Amsterdam,112,32,False,1.0,1.0,1.0,1.0,1.0,1.0,1.0,1.0,0.0,0.0,0.0,0.0
81,Amsterdam,112,33,False,1.0,1.0,1.0,1.0,1.0,1.0,1.0,1.0,0.0,0.0,0.0,0.0
82,Amsterdam,112,34,False,1.0,1.0,1.0,1.0,1.0,1.0,1.0,1.0,0.0,0.0,0.0,0.0
83,Amsterdam,112,35,False,1.0,1.0,1.0,1.0,1.0,1.0,1.0,1.0,0.0,0.0,0.0,0.0
84,Amsterdam,112,36,False,1.0,1.0,1.0,1.0,3.4482758501783587e-09,3.4482758501783587e-09,1.0,3.4482758501783587e-09,0.9999999965517241,0.9999999965517241,0.0,0.9999999965517241
85,Amsterdam,112,37,False,1.0,1.0,1.0,1.0,7.692307633136095e-09,7.692307633136095e-09,1.0,7.692307633136095e-09,0.9999999923076923,0.9999999923076923,0.0,0.9999999923076923
86,Amsterdam,112,38,False,1.0,1.0,1.0,1.0,9.999999900000002e-09,9.999999900000002e-09,1.0,9.999999900000002e-09,0.9999999900000001,0.9999999900000001,0.0,0.9999999900000001
87,Amsterdam,112,39,False,1.0,1.0,1.0,1.0,2.890173409569314e-10,2.890173409569314e-10,1.0,2.890173409569314e-10,0.9999999997109826,0.9999999997109826,0.0,0.9999999997109826
88,Amsterdam,112,40,True,0.6133333334192593,0.4423076924864398,0.4791666668475115,0.8518518519433014,0.619318181872256,0.4485596708953581,0.7569444445288387,0.5240384616528754,-0.005984848452996627,-0.0062519784089182795,-0.27777777768132716,0.327813390290426
89,Amsterdam,112,41,True,0.674157303736902,0.5084745771042803,0.9375000001953125,0.5263157903047091,5.847953212954413e-10,5.847953212954413e-10,3.1249999902343746e-09,7.194244599140831e-10,0.6741573031521066,0.508474576519485,0.9374999970703125,0.5263157895852847
90,Amsterdam,112,42,False,1.0,1.0,1.0,1.0,1.4925373112051683e-09,1.4925373112051683e-09,1.0,1.4925373112051683e-09,0.9999999985074627,0.9999999985074627,0.0,0.9999999985074627
91,Amsterdam,112,43,True,0.8188405797757823,0.6932515339305205,0.8828125000915528,0.7635135136733017,0.5485961124085105,0.37797619066131655,0.9921875000061036,0.3791044777972822,0.2702444673672718,0.315275343269204,-0.1093749999145508,0.3844090358760195
92,Amsterdam,112,44,True,0.4697833523979723,0.3070044710421752,0.9196428571787308,0.3154670751431138,0.43250000007093753,0.27591706550623335,0.7723214286730707,0.3003472223436897,0.03728335232703478,0.03108740553594186,0.1473214285056601,0.015119852799424072
93,Amsterdam,112,45,True,0.8086888249199505,0.6788224956204385,0.7399425287480871,0.8915175995446326,0.7604456824560197,0.613483146079824,0.9152298850615312,0.650442477888004,0.0482431424639308,0.06533934954061449,-0.17528735631344416,0.2410751216566286
94,Amsterdam,112,46,True,0.8250599974760002,0.7022145775166154,0.8594736842142243,0.7932960893904956,0.7989080982734428,0.665151515157857,0.9242105263177839,0.70352564103158,0.02615189920255745,0.03706306235875845,-0.06473684210355957,0.08977044835891557
95,Amsterdam,112,47,True,0.8104395604428153,0.6812933025496162,0.8171745152417875,0.8038147139031399,0.8346883468861042,0.7162790697752044,0.906509695294096,0.7734121122666643,-0.024248786443288872,-0.034985767225588216,-0.08933518005230845,0.030402601636475568
96,Amsterdam,112,48,True,0.7174139728933365,0.5593495935078767,0.6736292428304951,0.7672862453618109,0.7597022018096039,0.6125159642499995,0.7826370757251098,0.7380732533167721,-0.04228822891626738,-0.053166370742122826,-0.10900783289461469,0.0292129920450388
97,Amsterdam,112,49,True,0.8276807125757506,0.706019871428813,0.7743589743662065,0.8888888888929769,0.799675060929331,0.6662154845786081,0.7887820512888211,0.8108731466289663,0.02800565164641955,0.03980438685020482,-0.014423076922614575,0.07801574226401065
98,Amsterdam,112,50,True,0.7400068329391868,0.5873101952389558,0.7616033755358086,0.71960132891297,0.7628557164293084,0.6166263115518799,0.8059071730026052,0.724170616122459,-0.022848883490121596,-0.02931611631292408,-0.04430379746679658,-0.004569287209489015
99,Amsterdam,112,51,True,0.7205720572095631,0.5631986242570249,0.5932971014584851,0.9173669467816048,0.7742478941062063,0.6316512860861643,0.7284873188467281,0.8261427837743671,-0.053675836896643236,-0.06845266182913934,-0.135190217388243,0.09122416300723768
100,Amsterdam,112,52,True,0.7420616299117463,0.58990300921189,0.6376344086118916,0.8873924429522113,0.7868005738911507,0.6485335856279911,0.7370967742006157,0.8436923076971171,-0.044738943979404366,-0.05863057641610114,-0.09946236558872412,0.0437001352550942
101,Amsterdam,112,53,True,0.7357587362405964,0.5819765240518369,0.6372305141037058,0.8703284258247359,0.7804195804219427,0.639908256887087,0.7518656716469347,0.8112279132227415,-0.044660844181346304,-0.057931732835250105,-0.11463515754322895,0.05910051260199445
102,Amsterdam,112,54,True,0.7026733613827837,0.5416317991727692,0.6181948424159934,0.8138950015776832,0.7248524425502342,0.5684459326458845,0.6891117478584262,0.7645033112645164,-0.022179081167450487,-0.026814133473115342,-0.07091690544243279,0.049391690313166814
103,Amsterdam,112,55,True,0.7540805223095312,0.6052401746793844,0.6653225806515874,0.8701657458596141,0.7828673408706833,0.6432062561152948,0.7580645161336778,0.8093480934848432,-0.028786818561152172,-0.037966081435910404,-0.09274193548209031,0.06081765237477099
104,Amsterdam,112,56,True,0.7867166577419741,0.6484195656074798,0.6695842450826115,0.9535185666072833,0.8074004781227793,0.6770088896692172,0.7082421590133435,0.9388445733638181,-0.020683820380805185,-0.02858932406173742,-0.038657913930732035,0.014673993243465189
105,Amsterdam,112,57,True,0.7452565003558458,0.5939512741642691,0.7136608344645471,0.7797794117728022,0.6904024767855108,0.527186761241734,0.6753028263904677,0.7061928219667069,0.054854023570334975,0.06676451292253505,0.03835800807407941,0.07358658980609534
106,Amsterdam,112,58,True,0.6098964327261339,0.43874172194722827,0.788690476253366,0.4971857411825168,0.5546605293953211,0.3837579618815672,0.7172619048460529,0.4521575986018466,0.05523590333081285,0.05498376006566108,0.07142857140731307,0.04502814258067017
107,Amsterdam,112,59,True,0.7404314544369915,0.5878453039129452,0.8312500000263672,0.6675031368045793,0.6979768786345392,0.5360710322379499,0.7546875000383302,0.6491935484342483,0.04245457580245238,0.051774271674995265,0.07656249998803699,0.01830958837033103
108,Amsterdam,112,60,False,1.0,1.0,1.0,1.0,1.0,1.0,1.0,1.0,0.0,0.0,0.0,0.0
109,Amsterdam,112,61,False,1.0,1.0,1.0,1.0,1.0,1.0,1.0,1.0,0.0,0.0,0.0,0.0
110,Amsterdam,112,62,True,0.7228915665989258,0.5660377366678533,0.9375000001953125,0.5882352949250288,3.1249999902343746e-09,3.1249999902343746e-09,3.1249999902343746e-09,1.0,0.7228915634739258,0.5660377335428532,0.9374999970703125,-0.4117647050749712
111,Amsterdam,112,63,True,0.7099567100822698,0.5503355707715869,0.6406250002807617,0.796116505052314,0.7484276730350856,0.5979899499507588,0.9296875000549316,0.6263157896703601,-0.038470962952815824,-0.047654379179171924,-0.28906249977416987,0.16980071538195396
112,Amsterdam,112,64,True,0.8030112923710149,0.6708595388530693,0.6837606838282563,0.9726443769080109,0.8832599119071299,0.7909270217374897,0.8568376068681971,0.911363636383781,-0.08024861953611506,-0.12006748288442048,-0.17307692303994082,0.061280740524229826
113,Amsterdam,112,65,False,1.0,1.0,1.0,1.0,1.0,1.0,1.0,1.0,0.0,0.0,0.0,0.0
114,Amsterdam,112,66,False,1.0,1.0,1.0,1.0,1.0,1.0,1.0,1.0,0.0,0.0,0.0,0.0
115,Amsterdam,112,67,False,1.0,1.0,1.0,1.0,1.0,1.0,1.0,1.0,0.0,0.0,0.0,0.0
116,Amsterdam,112,68,False,1.0,1.0,1.0,1.0,1.0,1.0,1.0,1.0,0.0,0.0,0.0,0.0
117,Amsterdam,112,69,False,1.0,1.0,1.0,1.0,1.0,1.0,1.0,1.0,0.0,0.0,0.0,0.0
118,Amsterdam,112,70,False,1.0,1.0,1.0,1.0,1.0,1.0,1.0,1.0,0.0,0.0,0.0,0.0
119,Amsterdam,112,71,False,1.0,1.0,1.0,1.0,1.0,1.0,1.0,1.0,0.0,0.0,0.0,0.0
120,Amsterdam,112,72,False,1.0,1.0,1.0,1.0,1.0,1.0,1.0,1.0,0.0,0.0,0.0,0.0
121,Amsterdam,112,73,False,1.0,1.0,1.0,1.0,1.0,1.0,1.0,1.0,0.0,0.0,0.0,0.0
122,Amsterdam,112,74,False,1.0,1.0,1.0,1.0,1.4285714265306123e-09,1.4285714265306123e-09,1.0,1.4285714265306123e-09,0.9999999985714286,0.9999999985714286,0.0,0.9999999985714286
123,Amsterdam,112,75,False,1.0,1.0,1.0,1.0,4.3478260850661626e-10,4.3478260850661626e-10,1.0,4.3478260850661626e-10,0.9999999995652173,0.9999999995652173,0.0,0.9999999995652173
124,Amsterdam,112,76,False,1.0,1.0,1.0,1.0,2.7027026953981004e-09,2.7027026953981004e-09,1.0,2.7027026953981004e-09,0.9999999972972973,0.9999999972972973,0.0,0.9999999972972973
125,Amsterdam,112,77,False,1.0,1.0,1.0,1.0,2.9069767433409947e-10,2.9069767433409947e-10,1.0,2.9069767433409947e-10,0.9999999997093023,0.9999999997093023,0.0,0.9999999997093023
126,Amsterdam,112,78,False,1.0,1.0,1.0,1.0,4.2372881337977594e-10,4.2372881337977594e-10,1.0,4.2372881337977594e-10,0.9999999995762712,0.9999999995762712,0.0,0.9999999995762712
127,Amsterdam,112,79,False,1.0,1.0,1.0,1.0,2.849002848191167e-10,2.849002848191167e-10,1.0,2.849002848191167e-10,0.9999999997150997,0.9999999997150997,0.0,0.9999999997150997
128,Amsterdam,112,80,False,1.0,1.0,1.0,1.0,8.92857142059949e-10,8.92857142059949e-10,1.0,8.92857142059949e-10,0.9999999991071429,0.9999999991071429,0.0,0.9999999991071429
129,Amsterdam,112,81,False,1.0,1.0,1.0,1.0,9.615384606139053e-10,9.615384606139053e-10,1.0,9.615384606139053e-10,0.9999999990384615,0.9999999990384615,0.0,0.9999999990384615
130,Amsterdam,112,82,False,1.0,1.0,1.0,1.0,1.0,1.0,1.0,1.0,0.0,0.0,0.0,0.0
131,Utrecht,49,0,False,1.0,1.0,1.0,1.0,1.0,1.0,1.0,1.0,0.0,0.0,0.0,0.0
132,Utrecht,49,1,False,1.0,1.0,1.0,1.0,1.0,1.0,1.0,1.0,0.0,0.0,0.0,0.0
133,Utrecht,49,2,False,1.0,1.0,1.0,1.0,1.0,1.0,1.0,1.0,0.0,0.0,0.0,0.0
134,Utrecht,49,3,False,1.0,1.0,1.0,1.0,1.0,1.0,1.0,1.0,0.0,0.0,0.0,0.0
135,Utrecht,49,4,False,1.0,1.0,1.0,1.0,1.0,1.0,1.0,1.0,0.0,0.0,0.0,0.0
136,Utrecht,49,5,False,1.0,1.0,1.0,1.0,1.0,1.0,1.0,1.0,0.0,0.0,0.0,0.0
137,Utrecht,49,6,False,1.0,1.0,1.0,1.0,1.4285714265306123e-09,1.4285714265306123e-09,1.0,1.4285714265306123e-09,0.9999999985714286,0.9999999985714286,0.0,0.9999999985714286
138,Utrecht,49,7,False,1.0,1.0,1.0,1.0,3.571428558673469e-09,3.571428558673469e-09,1.0,3.571428558673469e-09,0.9999999964285714,0.9999999964285714,0.0,0.9999999964285714
139,Utrecht,49,8,False,1.0,1.0,1.0,1.0,1.0,1.0,1.0,1.0,0.0,0.0,0.0,0.0
140,Utrecht,49,9,False,1.0,1.0,1.0,1.0,1.0,1.0,1.0,1.0,0.0,0.0,0.0,0.0
141,Utrecht,49,10,True,0.5079662605896939,0.34045226138939044,0.4479338843887713,0.5865800866695714,0.1997563947381539,0.11096075790108785,0.13553719022553104,0.37962962991683813,0.30820986585154,0.2294915034883026,0.31239669416324023,0.20695045675273327
142,Utrecht,49,11,True,0.5227272727611699,0.353846153908284,0.8421052631940262,0.37899073126889904,0.2031523644127579,0.11306042902279524,0.13272311232660797,0.4328358213187793,0.319574908348412,0.24078572488548877,0.7093821508674183,-0.05384509004988025
143,Utrecht,49,12,True,0.6782927948747915,0.5131944444782504,0.5800627943814707,0.8165745856556271,0.0526315789882385,0.027027027070136156,0.04788069081256823,0.05842911886413514,0.6256612158865531,0.4861674174081142,0.5321821035689025,0.758145466791492
144,Utrecht,49,13,True,0.4203416766221557,0.2660965795137778,0.3145065398742861,0.6335329341756247,0.07876712334025301,0.04099821752578738,0.04102259220921387,0.9857142857346939,0.34157455328190267,0.2250983619879904,0.2734839476650722,-0.35218135155906916
145,Utrecht,49,14,True,0.6365054602467624,0.4668192220289681,0.5845272206898958,0.6986301370379059,0.11553273438824997,0.06130790203524416,0.06446991417414472,0.5555555561042524,0.5209727258585124,0.4055113199937239,0.5200573065157511,0.14307458093365344
146,Utrecht,49,15,True,0.7875499714509552,0.6495525200353486,0.8624140087640767,0.7246452969141016,0.7360885128624768,0.5823892894138831,0.7073170731890358,0.7672998643305767,0.05146145858847839,0.06716323062146545,0.1550969355750409,-0.04265456741647511
147,Utrecht,49,16,True,0.8452562151211915,0.7319859402519335,0.8369756342668431,0.8537022803009556,0.7414250823007175,0.5890988862708556,0.8769153479056289,0.6422001471736166,0.10383113282047407,0.14288705398107793,-0.03993971363878579,0.211502133127339
148,Utrecht,49,17,True,0.8005550649703475,0.6674379469990022,0.8020728008139011,0.7990430622060175,0.7503532736722756,0.6004523181379485,0.8053589484376805,0.7023809523875136,0.050201791298071896,0.06698562886105364,-0.003286147623779434,0.09666210981850387
149,Utrecht,49,18,True,0.8161593801901919,0.6894166043438777,0.8366235534414199,0.796672428699294,0.7470997679842326,0.5962962963034163,0.7671885636540234,0.7280361757164505,0.06905961220595924,0.09312030804046145,0.06943498978739648,0.06863625298284348
150,Utrecht,49,19,True,0.8374642516701922,0.72037720377777,0.8441028104769612,0.8309292977103114,0.7723639548913569,0.6291473421400438,0.8472255584951424,0.7096579476919586,0.06510029677883533,0.09122986163772628,-0.003122748018181132,0.12127135001835287
151,Utrecht,49,20,True,0.8230088495590282,0.6992481203051005,0.8696277647928498,0.7811339040578076,0.7917255130033087,0.655253025307271,0.8568602769311839,0.7357936998187802,0.031283336555719465,0.0439950949978295,0.012767487861665816,0.045340204239027404
152,Utrecht,49,21,True,0.8360084608695035,0.7182255478383941,0.8061187762470771,0.8682000258448352,0.8108974358985583,0.6819407008118005,0.8195560887844083,0.8024198284999128,0.025111024970945195,0.036284847026593625,-0.01343731253733127,0.06578019734492246
153,Utrecht,49,22,True,0.8763338111169122,0.7798880306159741,0.8394995804421428,0.9165486799373986,0.8518340659752066,0.7419085000981797,0.8795484018622355,0.8258129207862354,0.02449974514170561,0.03797953051779446,-0.040048821420092695,0.09073575915116328
154,Utrecht,49,23,True,0.8796558082365104,0.7851656791764673,0.8678146980364798,0.8918245264216366,0.8378339140540149,0.7209244222378456,0.9331392998631002,0.7601923203598749,0.04182189418249549,0.0642412569386217,-0.06532460182662037,0.13163220606176163
155,Utrecht,49,24,True,0.8309717952151083,0.710822708823333,0.7730522912406078,0.8982732461534696,0.8233851185614712,0.6997915218918064,0.813965056271753,0.8330257715569009,0.007586676653637103,0.011031186931526604,-0.04091276503114516,0.06524747459656866
156,Utrecht,49,25,True,0.7906123945735585,0.6537295330524334,0.7419643471695095,0.8460874342685339,0.8117992525366664,0.6832172545513188,0.8372221075102401,0.7878748623629259,-0.02118685796310793,-0.029487721498885344,-0.09525776034073052,0.058212571905608024
157,Utrecht,49,26,True,0.787208625601779,0.6490882456955646,0.7057725050820796,0.8898891966766628,0.7781496927135148,0.6368617236285227,0.7788762563861215,0.7774244833080565,0.009058932888264204,0.01222652206704189,-0.0731037513040419,0.1124647133686063
158,Utrecht,49,27,True,0.8133221382596885,0.6853773584920502,0.7500903412330283,0.8881961000067963,0.8215044312609646,0.6970789310143067,0.8685147901509034,0.7793218454707276,-0.008182293001276153,-0.011701572522256565,-0.11842444891787507,0.1088742545360687
159,Utrecht,49,28,True,0.8199590497298406,0.6948564365863527,0.746794053033532,0.9090174129358892,0.8002402653370237,0.6670004353519069,0.7827619680182764,0.8185169355710091,0.019718784392816824,0.02785600123444576,-0.03596791498474439,0.0905004773648801
160,Utrecht,49,29,True,0.8295319507807355,0.7087181502606359,0.8618080446048443,0.7995861661262224,0.7980384082663945,0.6639466799572447,0.8489844683405099,0.75286057352908,0.031493542514341,0.044771470303391236,0.012823576264334391,0.046725592597142374
161,Utrecht,49,30,True,0.807809227860516,0.6775838621976701,0.8014745308337604,0.8142448590519645,0.7901328852925757,0.6530741068090762,0.6934316353928495,0.9181753638637171,0.017676342567940262,0.0245097553885939,0.10804289544091095,-0.10393050481175259
162,Utrecht,49,31,True,0.7291477100435373,0.573747016716617,0.6921969478925368,0.7702659404110777,0.691650688518535,0.5286437516778939,0.5712640368680892,0.8763250883446854,0.03749702152500234,0.045103265038723084,0.12093291102444759,-0.10605914793360771
163,Utrecht,49,32,True,0.8186650915641662,0.6930000000307,0.8608695652346746,0.7804054054301345,0.7950481430677409,0.6598173516370072,0.718012422395278,0.8906009245160862,0.023616948496425372,0.03318264839369278,0.14285714283939666,-0.11019551908595171
164,Utrecht,49,33,True,0.2908163267115264,0.17014925397905992,0.4318181822486226,0.21923076953106507,7.575757570018365e-10,7.575757570018365e-10,7.575757570018365e-10,1.0,0.2908163259539506,0.17014925322148416,0.43181818149104684,-0.7807692304689349
165,Utrecht,49,34,True,0.6552006552288943,0.48721071869826915,0.5594405595021762,0.7905138340334953,0.5161290323068418,0.34782608704513235,0.35804195813174244,0.924187725659138,0.13907162292205244,0.1393846316531368,0.20139860137043375,-0.1336738916256427
166,Utrecht,49,35,True,0.48864526237363776,0.3233160622462885,0.8103896104388598,0.3497757848262584,0.5689655173033096,0.3975903615667489,0.5142857144118738,0.6366559486698855,-0.08032025492967182,-0.07427429932046037,0.29610389602698606,-0.28688016384362713
167,Utrecht,49,36,True,0.7305389223170425,0.5754716985137059,0.6931818185304752,0.7721518990225926,1.1363636350723141e-09,1.1363636350723141e-09,1.1363636350723141e-09,1.0,0.7305389211806789,0.5754716973773423,0.6931818173941116,-0.22784810097740738
168,Utrecht,49,37,False,1.0,1.0,1.0,1.0,1.0,1.0,1.0,1.0,0.0,0.0,0.0,0.0
169,Utrecht,49,38,True,0.7288888890093828,0.5734265737248765,0.585714286010204,0.9647058823944636,0.1578947373961219,0.08571428636734693,0.08571428636734693,1.0,0.5709941516132608,0.4877122873575296,0.49999999964285713,-0.03529411760553636
170,Utrecht,49,39,True,0.6551724139912802,0.48717948761779534,0.48717948761779534,1.0,8.547008539703411e-10,8.547008539703411e-10,8.547008539703411e-10,1.0,0.6551724131365794,0.48717948676309447,0.48717948676309447,0.0
171,Utrecht,49,40,False,1.0,1.0,1.0,1.0,1.0,1.0,1.0,1.0,0.0,0.0,0.0,0.0
172,Utrecht,49,41,False,1.0,1.0,1.0,1.0,1.0,1.0,1.0,1.0,0.0,0.0,0.0,0.0
173,Utrecht,49,42,False,1.0,1.0,1.0,1.0,1.0,1.0,1.0,1.0,0.0,0.0,0.0,0.0
174,Utrecht,49,43,False,1.0,1.0,1.0,1.0,1.0,1.0,1.0,1.0,0.0,0.0,0.0,0.0
175,Utrecht,49,44,False,1.0,1.0,1.0,1.0,1.0,1.0,1.0,1.0,0.0,0.0,0.0,0.0
176,Utrecht,49,45,False,1.0,1.0,1.0,1.0,1.0,1.0,1.0,1.0,0.0,0.0,0.0,0.0
177,Utrecht,49,46,False,1.0,1.0,1.0,1.0,1.0,1.0,1.0,1.0,0.0,0.0,0.0,0.0
178,Utrecht,49,47,False,1.0,1.0,1.0,1.0,1.0,1.0,1.0,1.0,0.0,0.0,0.0,0.0
179,Utrecht,23,0,False,1.0,1.0,1.0,1.0,1.0,1.0,1.0,1.0,0.0,0.0,0.0,0.0
180,Utrecht,23,1,False,1.0,1.0,1.0,1.0,1.0,1.0,1.0,1.0,0.0,0.0,0.0,0.0
181,Utrecht,23,2,False,1.0,1.0,1.0,1.0,1.0,1.0,1.0,1.0,0.0,0.0,0.0,0.0
182,Utrecht,23,3,False,1.0,1.0,1.0,1.0,1.0,1.0,1.0,1.0,0.0,0.0,0.0,0.0
183,Utrecht,23,4,False,1.0,1.0,1.0,1.0,3.1249999902343746e-09,3.1249999902343746e-09,1.0,3.1249999902343746e-09,0.999999996875,0.999999996875,0.0,0.999999996875
184,Utrecht,23,5,False,1.0,1.0,1.0,1.0,3.7037036899862825e-09,3.7037036899862825e-09,1.0,3.7037036899862825e-09,0.9999999962962963,0.9999999962962963,0.0,0.9999999962962963
185,Utrecht,23,6,False,1.0,1.0,1.0,1.0,9.999999900000002e-09,9.999999900000002e-09,1.0,9.999999900000002e-09,0.9999999900000001,0.9999999900000001,0.0,0.9999999900000001
186,Utrecht,23,7,False,1.0,1.0,1.0,1.0,1.0,1.0,1.0,1.0,0.0,0.0,0.0,0.0
187,Utrecht,23,8,False,1.0,1.0,1.0,1.0,1.0,1.0,1.0,1.0,0.0,0.0,0.0,0.0
188,Utrecht,23,9,False,1.0,1.0,1.0,1.0,1.0,1.0,1.0,1.0,0.0,0.0,0.0,0.0
189,Utrecht,23,10,False,1.0,1.0,1.0,1.0,1.0,1.0,1.0,1.0,0.0,0.0,0.0,0.0
190,Utrecht,23,11,False,1.0,1.0,1.0,1.0,4.2016806705034956e-10,4.2016806705034956e-10,1.0,4.2016806705034956e-10,0.9999999995798319,0.9999999995798319,0.0,0.9999999995798319
191,Utrecht,23,12,False,1.0,1.0,1.0,1.0,1.351351349525201e-09,1.351351349525201e-09,1.0,1.351351349525201e-09,0.9999999986486486,0.9999999986486486,0.0,0.9999999986486486
192,Utrecht,23,13,False,1.0,1.0,1.0,1.0,1.0,1.0,1.0,1.0,0.0,0.0,0.0,0.0
193,Utrecht,23,14,False,1.0,1.0,1.0,1.0,1.0989010976935154e-09,1.0989010976935154e-09,1.0,1.0989010976935154e-09,0.9999999989010989,0.9999999989010989,0.0,0.9999999989010989
194,Utrecht,23,15,True,0.7412223667436642,0.5888429752915614,0.7620320856251251,0.7215189874122737,0.6223277910187259,0.4517241380255649,0.7005347594383597,0.5598290599231135,0.11889457572493822,0.1371188372659965,0.0614973261867654,0.16168992748916022
195,Utrecht,23,16,True,0.7708333333731193,0.6271186441731302,0.8915662651037887,0.6788990826670033,0.7137931034976219,0.5549597856421019,0.8313253012725601,0.6253776436177106,0.057040229875497395,0.07215885853102832,0.06024096383122857,0.05352143904929263
196,Utrecht,23,17,True,0.6754530478294147,0.5099502488781218,0.7976653697285347,0.5857142858326531,0.5789473684793702,0.40740740752292254,0.813229572057109,0.44946236570979303,0.0965056793500445,0.10254284135519925,-0.01556420232857425,0.13625192012286003
197,Utrecht,23,18,True,0.7269230769755918,0.5709969789815719,0.855203619975021,0.6321070235344123,0.6974169742255689,0.5354107650041329,0.855203619975021,0.5887850468570762,0.029506102750022856,0.035586213977438996,0.0,0.04332197667733606
198,Utrecht,23,19,True,0.7132616487969066,0.5543175488706635,0.9004524887328269,0.5905044511600877,0.7005253940979816,0.5390835580757186,0.9049773756086075,0.5714285715510203,0.01273625469892492,0.015233990794944918,-0.004524886875780565,0.019075879609067314
199,Utrecht,23,20,True,0.720461095141144,0.5630630631614723,0.7788161994458516,0.6702412869516778,0.628099173597627,0.45783132539452137,0.8286604361904485,0.5057034221472048,0.09236192154351697,0.10523173776695088,-0.049844236744596926,0.16453786480447308
200,Utrecht,23,21,True,0.6727423363982814,0.5068664170403413,0.820202020238343,0.5702247191614853,0.5393858478278113,0.3692870201673412,0.8161616161987553,0.4027916251841684,0.1333564885704701,0.13757939687300008,0.004040404039587719,0.16743309397731693
201,Utrecht,23,22,True,0.672240802693855,0.5062972292605963,0.7407862408180852,0.615306122488234,0.4752623688352601,0.3117010816464257,0.7788697788969448,0.3419633225813396,0.19697843385859493,0.1945961476141706,-0.03808353807885956,0.2733427999068944
202,Utrecht,23,23,True,0.2923832924702232,0.1712230217019823,0.5721153848210984,0.19636963709630864,0.3109475621609064,0.18409586065532724,0.8125000000901442,0.19226393638313266,-0.0185642696906832,-0.012872838953344928,-0.24038461526904586,0.00410570071317598
203,Utrecht,23,24,True,0.7704347826286577,0.6265912306044426,0.8218923933540089,0.7250409165752798,0.7500000000191717,0.6000000000490798,0.9072356215385464,0.6392156863216713,0.020434782609486057,0.02659123055536272,-0.08534322818453755,0.08582523025360855
204,Utrecht,23,25,True,0.5912653975821651,0.4197138315707928,0.8770764120009713,0.44594594603953625,0.42435094006944035,0.26931818190121387,0.7873754153530313,0.290441176557544,0.16691445751272477,0.1503956496695789,0.08970099664793996,0.15550476948199227
205,Utrecht,23,26,True,0.557851239715098,0.38681948432853597,0.8083832335903044,0.4258675079769926,0.3733719247920859,0.22953736661658922,0.7724550898884865,0.24618320617879932,0.18447931492301206,0.15728211771194675,0.03592814370181785,0.17968430179819325
206,Utrecht,23,27,True,0.3333333333971903,0.200000000091954,0.7767857143853635,0.21219512204729327,0.19736842114063943,0.10948905120322518,0.40178571455277423,0.13081395361470727,0.13596491225655086,0.09051094888872883,0.37499999983258925,0.081381168432586
207,Utrecht,23,28,True,0.7191413238092342,0.5614525140073134,0.9054054054196088,0.5964391691793829,0.7049275362489897,0.5443151298527917,0.9129129129259891,0.5741265345066924,0.014213787560244495,0.017137384154521706,-0.007507507506380295,0.022312634672690512
208,Utrecht,23,29,True,0.418604651242325,0.2647058824801547,0.7611940299695552,0.28867924541723033,0.5045045046533019,0.33734939785648616,0.4179104480507908,0.6363636366391184,-0.08589985341097689,-0.07264351537633146,0.3432835819187644,-0.3476843912218881
209,Utrecht,23,30,False,1.0,1.0,1.0,1.0,1.0,1.0,1.0,1.0,0.0,0.0,0.0,0.0
210,Utrecht,23,31,False,1.0,1.0,1.0,1.0,1.0,1.0,1.0,1.0,0.0,0.0,0.0,0.0
211,Utrecht,23,32,False,1.0,1.0,1.0,1.0,1.0,1.0,1.0,1.0,0.0,0.0,0.0,0.0
212,Utrecht,23,33,False,1.0,1.0,1.0,1.0,1.0,1.0,1.0,1.0,0.0,0.0,0.0,0.0
213,Utrecht,23,34,True,0.7277486911351114,0.5720164609934123,0.9720279720377525,0.5815899582465294,0.7212543554492589,0.564032697666476,0.7237762238728055,0.7187500000976562,0.006494335685852559,0.007983763326936288,0.248251748164947,-0.13716004185112685
214,Utrecht,23,35,True,0.6712802769303527,0.5052083335910373,0.5359116024663472,0.8981481482424554,0.5440613028566814,0.37368421085595566,0.3922651937059308,0.887500000140625,0.12721897407367133,0.13152412273508168,0.14364640876041634,0.010648148101830346
215,Utrecht,23,36,True,0.8118081181506243,0.683229813861348,0.7051282053172255,0.956521739168242,0.6581196582657608,0.49044586019716824,0.49358974391436555,0.9871794871959237,0.15368845988486346,0.19278395366417972,0.21153846140285998,-0.03065774802768173
216,Utrecht,23,37,False,1.0,1.0,1.0,1.0,1.0,1.0,1.0,1.0,0.0,0.0,0.0,0.0
217,Utrecht,23,38,False,1.0,1.0,1.0,1.0,1.0,1.0,1.0,1.0,0.0,0.0,0.0,0.0
218,Utrecht,23,39,False,1.0,1.0,1.0,1.0,1.0,1.0,1.0,1.0,0.0,0.0,0.0,0.0
219,Utrecht,23,40,False,1.0,1.0,1.0,1.0,1.0,1.0,1.0,1.0,0.0,0.0,0.0,0.0
220,Utrecht,23,41,False,1.0,1.0,1.0,1.0,1.0,1.0,1.0,1.0,0.0,0.0,0.0,0.0
221,Utrecht,23,42,False,1.0,1.0,1.0,1.0,1.0,1.0,1.0,1.0,0.0,0.0,0.0,0.0
222,Utrecht,23,43,False,1.0,1.0,1.0,1.0,1.0,1.0,1.0,1.0,0.0,0.0,0.0,0.0
223,Utrecht,23,44,False,1.0,1.0,1.0,1.0,1.0,1.0,1.0,1.0,0.0,0.0,0.0,0.0
224,Utrecht,23,45,False,1.0,1.0,1.0,1.0,1.0,1.0,1.0,1.0,0.0,0.0,0.0,0.0
225,Utrecht,23,46,False,1.0,1.0,1.0,1.0,1.0,1.0,1.0,1.0,0.0,0.0,0.0,0.0
226,Utrecht,23,47,False,1.0,1.0,1.0,1.0,1.0,1.0,1.0,1.0,0.0,0.0,0.0,0.0
227,Amsterdam,137,0,False,1.0,1.0,1.0,1.0,1.0,1.0,1.0,1.0,0.0,0.0,0.0,0.0
228,Amsterdam,137,1,False,1.0,1.0,1.0,1.0,1.0,1.0,1.0,1.0,0.0,0.0,0.0,0.0
229,Amsterdam,137,2,False,1.0,1.0,1.0,1.0,1.0,1.0,1.0,1.0,0.0,0.0,0.0,0.0
230,Amsterdam,137,3,False,1.0,1.0,1.0,1.0,1.0,1.0,1.0,1.0,0.0,0.0,0.0,0.0
231,Amsterdam,137,4,False,1.0,1.0,1.0,1.0,1.0,1.0,1.0,1.0,0.0,0.0,0.0,0.0
232,Amsterdam,137,5,False,1.0,1.0,1.0,1.0,1.0,1.0,1.0,1.0,0.0,0.0,0.0,0.0
233,Amsterdam,137,6,False,1.0,1.0,1.0,1.0,1.0,1.0,1.0,1.0,0.0,0.0,0.0,0.0
234,Amsterdam,137,7,False,1.0,1.0,1.0,1.0,1.0,1.0,1.0,1.0,0.0,0.0,0.0,0.0
235,Amsterdam,137,8,False,1.0,1.0,1.0,1.0,1.0,1.0,1.0,1.0,0.0,0.0,0.0,0.0
236,Amsterdam,137,9,False,1.0,1.0,1.0,1.0,1.0,1.0,1.0,1.0,0.0,0.0,0.0,0.0
237,Amsterdam,137,10,False,1.0,1.0,1.0,1.0,1.0,1.0,1.0,1.0,0.0,0.0,0.0,0.0
238,Amsterdam,137,11,False,1.0,1.0,1.0,1.0,1.0,1.0,1.0,1.0,0.0,0.0,0.0,0.0
239,Amsterdam,137,12,False,1.0,1.0,1.0,1.0,1.0,1.0,1.0,1.0,0.0,0.0,0.0,0.0
240,Amsterdam,137,13,False,1.0,1.0,1.0,1.0,1.0,1.0,1.0,1.0,0.0,0.0,0.0,0.0
241,Amsterdam,137,14,False,1.0,1.0,1.0,1.0,1.0,1.0,1.0,1.0,0.0,0.0,0.0,0.0
242,Amsterdam,137,15,False,1.0,1.0,1.0,1.0,1.0,1.0,1.0,1.0,0.0,0.0,0.0,0.0
243,Amsterdam,137,16,False,1.0,1.0,1.0,1.0,1.0,1.0,1.0,1.0,0.0,0.0,0.0,0.0
244,Amsterdam,137,17,False,1.0,1.0,1.0,1.0,1.0,1.0,1.0,1.0,0.0,0.0,0.0,0.0
245,Amsterdam,137,18,False,1.0,1.0,1.0,1.0,1.0,1.0,1.0,1.0,0.0,0.0,0.0,0.0
246,Amsterdam,137,19,False,1.0,1.0,1.0,1.0,1.0,1.0,1.0,1.0,0.0,0.0,0.0,0.0
247,Amsterdam,137,20,False,1.0,1.0,1.0,1.0,1.0,1.0,1.0,1.0,0.0,0.0,0.0,0.0
248,Amsterdam,137,21,False,1.0,1.0,1.0,1.0,1.0,1.0,1.0,1.0,0.0,0.0,0.0,0.0
249,Amsterdam,137,22,False,1.0,1.0,1.0,1.0,1.0,1.0,1.0,1.0,0.0,0.0,0.0,0.0
250,Amsterdam,137,23,False,1.0,1.0,1.0,1.0,1.0,1.0,1.0,1.0,0.0,0.0,0.0,0.0
251,Amsterdam,137,24,False,1.0,1.0,1.0,1.0,1.0,1.0,1.0,1.0,0.0,0.0,0.0,0.0
252,Amsterdam,137,25,False,1.0,1.0,1.0,1.0,1.0,1.0,1.0,1.0,0.0,0.0,0.0,0.0
253,Amsterdam,137,26,False,1.0,1.0,1.0,1.0,1.0,1.0,1.0,1.0,0.0,0.0,0.0,0.0
254,Amsterdam,137,27,False,1.0,1.0,1.0,1.0,1.0,1.0,1.0,1.0,0.0,0.0,0.0,0.0
255,Amsterdam,137,28,False,1.0,1.0,1.0,1.0,1.0,1.0,1.0,1.0,0.0,0.0,0.0,0.0
256,Amsterdam,137,29,False,1.0,1.0,1.0,1.0,1.0,1.0,1.0,1.0,0.0,0.0,0.0,0.0
257,Amsterdam,137,30,False,1.0,1.0,1.0,1.0,1.0,1.0,1.0,1.0,0.0,0.0,0.0,0.0
258,Amsterdam,137,31,False,1.0,1.0,1.0,1.0,1.6722408023959464e-10,1.6722408023959464e-10,1.0,1.6722408023959464e-10,0.9999999998327759,0.9999999998327759,0.0,0.9999999998327759
259,Amsterdam,137,32,False,1.0,1.0,1.0,1.0,1.3850415510547035e-10,1.3850415510547035e-10,1.0,1.3850415510547035e-10,0.9999999998614958,0.9999999998614958,0.0,0.9999999998614958
260,Amsterdam,137,33,False,1.0,1.0,1.0,1.0,2.2988505741841722e-10,2.2988505741841722e-10,1.0,2.2988505741841722e-10,0.9999999997701149,0.9999999997701149,0.0,0.9999999997701149
261,Amsterdam,137,34,False,1.0,1.0,1.0,1.0,2.9239766073321704e-10,2.9239766073321704e-10,1.0,2.9239766073321704e-10,0.9999999997076023,0.9999999997076023,0.0,0.9999999997076023
262,Amsterdam,137,35,False,1.0,1.0,1.0,1.0,2.8571428489795916e-09,2.8571428489795916e-09,1.0,2.8571428489795916e-09,0.9999999971428571,0.9999999971428571,0.0,0.9999999971428571
263,Amsterdam,137,36,True,0.5868263475527986,0.41525423778368287,0.7656250003662111,0.4757281558488077,0.4666666672592593,0.3043478270951481,0.32812500104980474,0.8076923084319527,0.1201596802935393,0.11090641068853474,0.4374999993164063,-0.33196415258314504
264,Amsterdam,137,37,True,0.4768211922262181,0.3130434785595463,0.6000000003333333,0.39560439593648106,0.7360000001056,0.582278481277039,0.7666666668611111,0.7076923079171598,-0.25917880787938186,-0.2692350027174927,-0.16666666652777773,-0.3120879119806787
265,Amsterdam,137,38,False,1.0,1.0,1.0,1.0,1.6666666388888892e-08,1.6666666388888892e-08,1.0,1.6666666388888892e-08,0.9999999833333336,0.9999999833333336,0.0,0.9999999833333336
266,Amsterdam,137,39,True,0.7129629630958505,0.5539568348532684,0.6015625003112792,0.8750000001420455,0.4036281180490639,0.25284090930317016,0.6953125002380371,0.2843450481519664,0.3093348450467866,0.30111592555009825,-0.09374999992675792,0.5906549519900791
267,Amsterdam,137,40,True,0.7077596996336746,0.5476997578911527,0.7580428954585762,0.6637323943859312,0.6506169124390425,0.4821587868205996,0.7245308311176588,0.590387766270323,0.05714278719463206,0.06554097107055307,0.03351206434091736,0.07334462811560827
268,Amsterdam,137,41,True,0.7387592487243643,0.5857400722146288,0.9506835937524082,0.6040955631522155,0.807184592083809,0.6767053701133272,0.9106445312543632,0.7248348231743167,-0.06842534335944472,-0.09096529789869845,0.04003906249804501,-0.12073926002210122
269,Amsterdam,137,42,True,0.7873934383935057,0.6493395824606162,0.7696969697086011,0.8059227921837164,0.7727058823582893,0.6296012270080675,0.8292929293015509,0.7233480176333328,0.014687556035216431,0.01973835545254865,-0.05959595959294972,0.08257477455038364
270,Amsterdam,137,43,True,0.7853881278573811,0.6466165413628728,0.8303448275920571,0.7450495049583834,0.7562069997045138,0.607984607994036,0.8717241379354578,0.6677231907113649,0.02918112815286733,0.03863193336883686,-0.0413793103434007,0.07732631424701852
271,Amsterdam,137,44,True,0.7344082750268572,0.5802884615485507,0.7218899521614267,0.747368421060453,0.7547505938278689,0.6061039580446804,0.7601674641220045,0.7494103773658782,-0.020342318801011672,-0.025815496496129686,-0.038277511960577826,-0.002041956305425252
272,Amsterdam,137,45,True,0.800652410295391,0.6675732849853797,0.7997827661151379,0.8015239477539636,0.7730553328007391,0.6300653594824972,0.7853005068829598,0.7611861730169998,0.0275970774946519,0.03750792550288251,0.014482259232178052,0.04033777473696387
273,Amsterdam,137,46,True,0.7835002946388715,0.6440612284475483,0.8710691823916265,0.7119297494140936,0.7881610392806657,0.6503843042106554,0.8426362683458775,0.7403016000950811,-0.004660744641794223,-0.006323075763107089,0.02843291404574899,-0.028371850680987465
274,Amsterdam,137,47,True,0.7926867545527881,0.6565709086226885,0.8830419580440028,0.7191059225552519,0.7833269598486935,0.6438270052848399,0.895279720281551,0.6962610469109958,0.009359794704094648,0.012743903337848583,-0.012237762237548244,0.02284487564425608
275,Amsterdam,137,48,True,0.7854872470750796,0.6467509255758107,0.854012137561463,0.7271422420019069,0.767896588400819,0.6232403718509529,0.7911328388437098,0.7459863296813545,0.017590658674260573,0.023510553724857775,0.06287929871775322,-0.018844087679447563
276,Amsterdam,137,49,True,0.7709446055259351,0.6272659548096937,0.7599277978375462,0.7822855373214264,0.764086775973623,0.6182365890439319,0.8026474127586846,0.7290613471822781,0.006857829552312178,0.009029365765761854,-0.042719614921138405,0.05322419013914825
277,Amsterdam,137,50,True,0.7663774676237497,0.6212414636670957,0.728369980882787,0.8085699124461585,0.7705648854975844,0.6267633618157483,0.7539435946492119,0.7879355563908088,-0.004187417873834698,-0.005521898148652671,-0.025573613766424863,0.02063435605534969
278,Amsterdam,137,51,True,0.7986236870717256,0.6647573108280862,0.8124539425237205,0.7852564102602341,0.8123326871613373,0.6839732628682734,0.8106116433343661,0.8140610545825335,-0.013709000089611734,-0.019215952040187223,0.0018422991893544127,-0.028804644322299455
279,Amsterdam,137,52,True,0.6830466830510095,0.5186567164278886,0.7350176263297585,0.6379398266283034,0.6860401955501624,0.5221165771078521,0.7420681551192106,0.6378787878879323,-0.002993512499152917,-0.003459860679963511,-0.007050528789452115,6.103874037111101e-05
280,Amsterdam,137,53,True,0.707660020992494,0.5475803832560059,0.8637295082037024,0.5993601137717968,0.6838966202846144,0.519637462250162,0.8811475409896953,0.5588044184678752,0.023763400707879634,0.027942921005843835,-0.017418032785992854,0.04055569530392156
281,Amsterdam,137,54,True,0.7666621419876929,0.621615672471459,0.8891687657465627,0.6738248628090235,0.7492081773718801,0.5989871086648484,0.8192695214162699,0.6901856764007909,0.017453964615812834,0.022628563806610602,0.06989924433029282,-0.01636081359176733
282,Amsterdam,137,55,True,0.8001177509596685,0.6668302257196558,0.7984723854348275,0.8017699115102722,0.7865618298815359,0.6482092365775634,0.8081668625203241,0.7660818713515433,0.013555921078132638,0.018620989142092426,-0.009694477085496644,0.03568804015872895
283,Amsterdam,137,56,True,0.7767199017233305,0.6349485312670111,0.7729217603981381,0.7805555555623285,0.7501077741090658,0.6001379627592518,0.7976772616198754,0.7078925956141066,0.02661212761426468,0.03481056850775932,-0.02475550122173731,0.07266295994822192
284,Amsterdam,137,57,True,0.8063751884599101,0.6755683868756562,0.9322709163380343,0.7104364326485604,0.7305936073110617,0.5755395683580474,0.9561752988069634,0.5911330049386967,0.07578158114884836,0.10002881851760881,-0.02390438246892912,0.11930342770986369
285,Amsterdam,137,58,True,0.8260511129478963,0.7036516854071325,0.9609974424577368,0.7243373494108754,0.8384550324263192,0.7218446602076776,0.9507672634302579,0.7498739284039398,-0.012403919478422898,-0.018192974800545048,0.010230179027478914,-0.025536578993064496
286,Amsterdam,137,59,True,0.8987108655637669,0.8160535117125213,0.8854838709723595,0.9123390112209249,0.8923141012311536,0.8055660022637997,0.8637096774248504,0.9228780698008239,0.0063967643326132695,0.010487509448721566,0.02177419354750909,-0.010539058579899008
287,Amsterdam,137,60,True,0.8249027237524412,0.7019867550162274,0.803030303067608,0.8480000000304,0.7992459943638787,0.6656200942440158,0.803030303067608,0.7954971857794565,0.02565672938856256,0.03636666077221162,0.0,0.0525028142509435
288,Amsterdam,137,61,True,0.7177419355976847,0.5597484279498437,0.6953125002380371,0.7416666668819444,0.7450980393156478,0.5937500002539062,0.742187500201416,0.7480314962613925,-0.027356103717963043,-0.03400157230406253,-0.04687499996337885,-0.006364829379448156
289,Amsterdam,137,62,False,1.0,1.0,1.0,1.0,1.0,1.0,1.0,1.0,0.0,0.0,0.0,0.0
290,Amsterdam,137,63,False,1.0,1.0,1.0,1.0,1.0,1.0,1.0,1.0,0.0,0.0,0.0,0.0
291,Amsterdam,137,64,False,1.0,1.0,1.0,1.0,1.0,1.0,1.0,1.0,0.0,0.0,0.0,0.0
292,Amsterdam,137,65,False,1.0,1.0,1.0,1.0,1.0,1.0,1.0,1.0,0.0,0.0,0.0,0.0
293,Amsterdam,137,66,False,1.0,1.0,1.0,1.0,1.0,1.0,1.0,1.0,0.0,0.0,0.0,0.0
294,Amsterdam,137,67,False,1.0,1.0,1.0,1.0,1.0,1.0,1.0,1.0,0.0,0.0,0.0,0.0
295,Amsterdam,137,68,False,1.0,1.0,1.0,1.0,1.0,1.0,1.0,1.0,0.0,0.0,0.0,0.0
296,Amsterdam,137,69,False,1.0,1.0,1.0,1.0,1.0,1.0,1.0,1.0,0.0,0.0,0.0,0.0
297,Amsterdam,137,70,False,1.0,1.0,1.0,1.0,1.0,1.0,1.0,1.0,0.0,0.0,0.0,0.0
298,Amsterdam,137,71,False,1.0,1.0,1.0,1.0,2.3255813899405083e-09,2.3255813899405083e-09,1.0,2.3255813899405083e-09,0.9999999976744186,0.9999999976744186,0.0,0.9999999976744186
299,Amsterdam,137,72,False,1.0,1.0,1.0,1.0,4.739336490644864e-10,4.739336490644864e-10,1.0,4.739336490644864e-10,0.9999999995260663,0.9999999995260663,0.0,0.9999999995260663
300,Amsterdam,137,73,False,1.0,1.0,1.0,1.0,2.9940119751514933e-10,2.9940119751514933e-10,1.0,2.9940119751514933e-10,0.9999999997005988,0.9999999997005988,0.0,0.9999999997005988
301,Amsterdam,137,74,False,1.0,1.0,1.0,1.0,1.4641288431238465e-10,1.4641288431238465e-10,1.0,1.4641288431238465e-10,0.9999999998535871,0.9999999998535871,0.0,0.9999999998535871
302,Amsterdam,137,75,False,1.0,1.0,1.0,1.0,2.645502644802777e-10,2.645502644802777e-10,1.0,2.645502644802777e-10,0.9999999997354497,0.9999999997354497,0.0,0.9999999997354497
303,Amsterdam,137,76,False,1.0,1.0,1.0,1.0,4.566210043577073e-10,4.566210043577073e-10,1.0,4.566210043577073e-10,0.999999999543379,0.999999999543379,0.0,0.999999999543379
304,Amsterdam,137,77,False,1.0,1.0,1.0,1.0,3.610108301945809e-10,3.610108301945809e-10,1.0,3.610108301945809e-10,0.9999999996389892,0.9999999996389892,0.0,0.9999999996389892
305,Amsterdam,137,78,False,1.0,1.0,1.0,1.0,5.025125625615515e-10,5.025125625615515e-10,1.0,5.025125625615515e-10,0.9999999994974874,0.9999999994974874,0.0,0.9999999994974874
306,Amsterdam,137,79,False,1.0,1.0,1.0,1.0,3.8314176230530963e-10,3.8314176230530963e-10,1.0,3.8314176230530963e-10,0.9999999996168583,0.9999999996168583,0.0,0.9999999996168583
307,Amsterdam,137,80,False,1.0,1.0,1.0,1.0,1.6155088850378822e-10,1.6155088850378822e-10,1.0,1.6155088850378822e-10,0.9999999998384491,0.9999999998384491,0.0,0.9999999998384491
308,Amsterdam,137,81,False,1.0,1.0,1.0,1.0,3.584229389396333e-10,3.584229389396333e-10,1.0,3.584229389396333e-10,0.999999999641577,0.999999999641577,0.0,0.999999999641577
309,Amsterdam,137,82,False,1.0,1.0,1.0,1.0,1.0,1.0,1.0,1.0,0.0,0.0,0.0,0.0
310,Singapore,66,0,False,1.0,1.0,1.0,1.0,1.0,1.0,1.0,1.0,0.0,0.0,0.0,0.0
311,Singapore,66,1,False,1.0,1.0,1.0,1.0,1.0,1.0,1.0,1.0,0.0,0.0,0.0,0.0
312,Singapore,66,2,False,1.0,1.0,1.0,1.0,1.0,1.0,1.0,1.0,0.0,0.0,0.0,0.0
313,Singapore,66,3,False,1.0,1.0,1.0,1.0,1.0,1.0,1.0,1.0,0.0,0.0,0.0,0.0
314,Singapore,66,4,False,1.0,1.0,1.0,1.0,1.0,1.0,1.0,1.0,0.0,0.0,0.0,0.0
315,Singapore,66,5,False,1.0,1.0,1.0,1.0,1.0,1.0,1.0,1.0,0.0,0.0,0.0,0.0
316,Singapore,66,6,False,1.0,1.0,1.0,1.0,1.0,1.0,1.0,1.0,0.0,0.0,0.0,0.0
317,Singapore,66,7,False,1.0,1.0,1.0,1.0,1.0,1.0,1.0,1.0,0.0,0.0,0.0,0.0
318,Singapore,66,8,False,1.0,1.0,1.0,1.0,1.0,1.0,1.0,1.0,0.0,0.0,0.0,0.0
319,Singapore,66,9,False,1.0,1.0,1.0,1.0,1.0,1.0,1.0,1.0,0.0,0.0,0.0,0.0
320,Singapore,66,10,False,1.0,1.0,1.0,1.0,1.0,1.0,1.0,1.0,0.0,0.0,0.0,0.0
321,Singapore,66,11,False,1.0,1.0,1.0,1.0,3.9999999839999995e-09,3.9999999839999995e-09,1.0,3.9999999839999995e-09,0.999999996,0.999999996,0.0,0.999999996
322,Singapore,66,12,False,1.0,1.0,1.0,1.0,1.0,1.0,1.0,1.0,0.0,0.0,0.0,0.0
323,Singapore,66,13,False,1.0,1.0,1.0,1.0,1.0,1.0,1.0,1.0,0.0,0.0,0.0,0.0
324,Singapore,66,14,False,1.0,1.0,1.0,1.0,1.254705144133663e-10,1.254705144133663e-10,1.0,1.254705144133663e-10,0.9999999998745295,0.9999999998745295,0.0,0.9999999998745295
325,Singapore,66,15,False,1.0,1.0,1.0,1.0,7.352941171064013e-10,7.352941171064013e-10,1.0,7.352941171064013e-10,0.9999999992647058,0.9999999992647058,0.0,0.9999999992647058
326,Singapore,66,16,False,1.0,1.0,1.0,1.0,1.0,1.0,1.0,1.0,0.0,0.0,0.0,0.0
327,Singapore,66,17,False,1.0,1.0,1.0,1.0,9.999999900000002e-09,9.999999900000002e-09,1.0,9.999999900000002e-09,0.9999999900000001,0.9999999900000001,0.0,0.9999999900000001
328,Singapore,66,18,True,0.6804123714634924,0.515625000756836,0.5892857150191326,0.8048780492563951,1.78571428252551e-09,1.78571428252551e-09,1.78571428252551e-09,1.0,0.6804123696777782,0.5156249989711218,0.5892857132334184,-0.19512195074360494
329,Singapore,66,19,False,1.0,1.0,1.0,1.0,1.9607843098808147e-09,1.9607843098808147e-09,1.0,1.9607843098808147e-09,0.9999999980392157,0.9999999980392157,0.0,0.9999999980392157
330,Singapore,66,20,True,0.8099210823041731,0.6805608185039576,0.8821218074714086,0.7486452688725034,0.6784099024118445,0.5133285302768974,0.6999017681876276,0.6581986143344943,0.13151117989232863,0.16723228822706016,0.18222003928378094,0.09044665453800904
331,Singapore,66,21,True,0.8866778653587456,0.7964252553436298,0.8708121827443956,0.9031324032665666,0.878284046200301,0.7829825752481787,0.8781725888355794,0.8783955318639656,0.008393819158444615,0.013442680095451132,-0.007360406091183713,0.024736871402601057
332,Singapore,66,22,True,0.7793130675175953,0.6384217335292094,0.7500000000189969,0.8110106820204592,0.7304737516091397,0.575390822008301,0.8670212766058495,0.6310840708168648,0.04883931590845558,0.06303091152090834,-0.11702127658685257,0.17992661120359443
333,Singapore,66,23,True,0.8334142787801502,0.7144046627929058,0.8614457831394856,0.8071495766788735,0.8504872831031498,0.7398676592332561,0.8980923694830275,0.8076749435752744,-0.01707300432299963,-0.025462996440350327,-0.0366465863435419,-0.000525366896400814
334,Singapore,66,24,True,0.8191534843989065,0.6937002172449783,0.8104906937474412,0.8280034572243733,0.7852404643493939,0.6464163822646275,0.8011844331725388,0.7699186991963448,0.03391302004951258,0.047283834980350825,0.009306260574902359,0.05808475802802848
335,Singapore,66,25,True,0.8498817966932647,0.7389516957951712,0.8096846846918286,0.8942786069695573,0.8233476394880112,0.6997373796410932,0.9001501501538982,0.7586206896628086,0.02653415720525354,0.039214316154078,-0.09046546546206957,0.1356579173067487
336,Singapore,66,26,True,0.8729264952081429,0.7745071563657978,0.9053030303060194,0.8427857772599828,0.8220385674955643,0.6978484565084694,0.9419191919210252,0.7292277614924431,0.05088792771257866,0.07665869985732843,-0.036616161615005804,0.11355801576753977
337,Singapore,66,27,True,0.8486373165634314,0.7370721048846126,0.8447412353955605,0.8525695029517151,0.83745479425435,0.7203632083450419,0.8939899833077214,0.787644787648692,0.011182522309081455,0.01670889653957075,-0.04924874791216094,0.06492471530302313
338,Singapore,66,28,True,0.8447761194046398,0.731266149875761,0.8568339100376983,0.833052985705781,0.8209244395255935,0.6962441314601526,0.9621539792395728,0.7158487530214667,0.02385167987904635,0.03502201841560837,-0.10532006920187453,0.11720423268431435
339,Singapore,66,29,True,0.6873261057307173,0.5236076597058382,0.8736585365884474,0.5665032421387552,0.6785283474097453,0.5134641716185385,0.82317073171163,0.5771203830441669,0.00879775832097196,0.010143488087299701,0.050487804876817366,-0.01061714090541166
340,Singapore,66,30,True,0.8333870967755372,0.7143647172720259,0.9090429275174341,0.7693567599796105,0.7858469989515644,0.6472388556267833,0.8557353976098568,0.7265123226329124,0.04754009782397284,0.06712586164524259,0.053307529907577256,0.04284443734669807
341,Singapore,66,31,True,0.8278400000009182,0.7062517062543793,0.7555490654229404,0.9154281670215212,0.8511625509107018,0.7408903248991124,0.8036409657339988,0.9046575342476202,-0.023322550909783635,-0.034638618644733166,-0.048091900311058366,0.010770632773901001
342,Singapore,66,32,True,0.829903620735674,0.7092609082846253,0.760019083972328,0.9139414802077748,0.8261695996086446,0.7038236523223587,0.8035543893153201,0.8500946372258663,0.0037340211270294743,0.0054372559622666294,-0.0435353053429921,0.06384684298190846
343,Singapore,66,33,True,0.7888088172972547,0.651266974665389,0.725062344143936,0.8648447666877701,0.8099056603788529,0.680539040828636,0.8028366583571876,0.817100253810008,-0.021096843081598204,-0.029272066163247068,-0.07777431421325165,0.04774451287776216
344,Singapore,66,34,True,0.7616382599877686,0.6150369761788201,0.8109425785533331,0.7179856115175542,0.7335377069315323,0.5792021688694965,0.810130010839379,0.6701770109865521,0.028100553056236266,0.035834807309323646,0.0008125677139541043,0.04780860053100211
345,Singapore,66,35,True,0.6545827633497066,0.4865277071943809,0.6103316326779125,0.7057522124110801,0.5968503937166595,0.42536475873033863,0.483418367379884,0.7798353909691528,0.057732369633047065,0.061162948464042244,0.1269132652980285,-0.07408317855807267
346,Singapore,66,36,True,0.4506480558872734,0.290862290953557,0.4631147542083781,0.4388349515652748,0.6340819022940447,0.4642166345330336,0.4918032787926632,0.8921933085902626,-0.1834338464067713,-0.1733543435794766,-0.028688524584285113,-0.4533583570249878
347,Singapore,66,37,True,0.7685800604369438,0.6241413150516053,0.7066666666992593,0.8423841059811412,0.797915460347544,0.6637764932886534,0.7655555555816049,0.8331318017130434,-0.02933539991060019,-0.039635178237048097,-0.05888888888234567,0.009252304268097866
348,Singapore,66,38,True,0.6242424242803796,0.4537444934722843,0.6491596639392522,0.6011673152526913,0.6457680251153848,0.47685185193258467,0.6491596639392522,0.6424116424859851,-0.02152560083500521,-0.023107358460300376,0.0,-0.041244327233293854
349,Singapore,66,39,True,0.8221512247166054,0.6980108499368887,0.8976744186165495,0.7583497053282564,0.7561247216171423,0.6078782453350153,0.7895348837454029,0.725427350456685,0.06602650309946312,0.09013260460187333,0.10813953487114658,0.03292235487157136
350,Singapore,66,40,True,0.7295336787845043,0.5742251224185604,0.916666666688368,0.6058519794137949,0.595667870072593,0.4241645244956087,0.8593750000366212,0.45580110504754134,0.13386580871191123,0.15006059792295168,0.0572916666517469,0.15005087436625353
351,Singapore,66,41,True,0.8026755853502756,0.6703910616366531,0.6818181819989669,0.9756097561173904,0.7430555556447723,0.5911602212203535,0.6079545456772986,0.9553571428970026,0.059620029705503286,0.07923084041629957,0.07386363632166837,0.02025261322038785
352,Singapore,66,42,False,1.0,1.0,1.0,1.0,9.70873785465171e-10,9.70873785465171e-10,1.0,9.70873785465171e-10,0.9999999990291262,0.9999999990291262,0.0,0.9999999990291262
353,Singapore,66,43,False,1.0,1.0,1.0,1.0,1.0,1.0,1.0,1.0,0.0,0.0,0.0,0.0
354,Singapore,66,44,False,1.0,1.0,1.0,1.0,1.0,1.0,1.0,1.0,0.0,0.0,0.0,0.0
355,Singapore,66,45,False,1.0,1.0,1.0,1.0,1.0,1.0,1.0,1.0,0.0,0.0,0.0,0.0
356,Singapore,66,46,False,1.0,1.0,1.0,1.0,1.0,1.0,1.0,1.0,0.0,0.0,0.0,0.0
357,Singapore,66,47,False,1.0,1.0,1.0,1.0,1.173708920050034e-10,1.173708920050034e-10,1.0,1.173708920050034e-10,0.9999999998826291,0.9999999998826291,0.0,0.9999999998826291
358,Singapore,65,0,False,1.0,1.0,1.0,1.0,3.846153831360946e-09,3.846153831360946e-09,1.0,3.846153831360946e-09,0.9999999961538462,0.9999999961538462,0.0,0.9999999961538462
359,Singapore,65,1,False,1.0,1.0,1.0,1.0,5.882352906574394e-09,5.882352906574394e-09,1.0,5.882352906574394e-09,0.9999999941176471,0.9999999941176471,0.0,0.9999999941176471
360,Singapore,65,2,False,1.0,1.0,1.0,1.0,1.0,1.0,1.0,1.0,0.0,0.0,0.0,0.0
361,Singapore,65,3,False,1.0,1.0,1.0,1.0,1.0,1.0,1.0,1.0,0.0,0.0,0.0,0.0
362,Singapore,65,4,False,1.0,1.0,1.0,1.0,1.0,1.0,1.0,1.0,0.0,0.0,0.0,0.0
363,Singapore,65,5,False,1.0,1.0,1.0,1.0,1.0,1.0,1.0,1.0,0.0,0.0,0.0,0.0
364,Singapore,65,6,False,1.0,1.0,1.0,1.0,1.0,1.0,1.0,1.0,0.0,0.0,0.0,0.0
365,Singapore,65,7,True,0.7541567696107982,0.6053384175781373,0.9338235294214965,0.632470119558519,1.4705882350778548e-10,1.4705882350778548e-10,1.4705882350778548e-10,1.0,0.7541567694637394,0.6053384174310785,0.9338235292744377,-0.36752988044148105
366,Singapore,65,8,False,1.0,1.0,1.0,1.0,1.0,1.0,1.0,1.0,0.0,0.0,0.0,0.0
367,Singapore,65,9,False,1.0,1.0,1.0,1.0,1.0,1.0,1.0,1.0,0.0,0.0,0.0,0.0
368,Singapore,65,10,False,1.0,1.0,1.0,1.0,6.2499999609374996e-09,6.2499999609374996e-09,1.0,6.2499999609374996e-09,0.99999999375,0.99999999375,0.0,0.99999999375
369,Singapore,65,11,False,1.0,1.0,1.0,1.0,3.4482758501783587e-09,3.4482758501783587e-09,1.0,3.4482758501783587e-09,0.9999999965517241,0.9999999965517241,0.0,0.9999999965517241
370,Singapore,65,12,True,0.5054282267941669,0.33817594837214787,0.3605851979621091,0.8447580645317784,4.228329809546371e-11,4.228329809546371e-11,4.302925989487826e-11,2.4390243842950623e-09,0.5054282267518836,0.3381759483298646,0.36058519791907984,0.844758062092754
371,Singapore,65,13,True,0.4166931133066218,0.2631789938010989,0.26535974132446727,0.9697193500760917,0.002422285042341092,0.0012126111762083144,0.0012126111762083144,1.0,0.4142708282642807,0.2619663826248906,0.26414713014825897,-0.03028064992390833
372,Singapore,65,14,True,0.20768915036798677,0.11587786260216887,0.11587786260216887,1.0,0.09310804179279879,0.04882711964814451,0.05068702290801002,0.570937231335259,0.11458110857518798,0.06705074295402436,0.06519083969415884,0.429062768664741
373,Singapore,65,15,True,0.18966644866407237,0.10476878613304802,0.10476878613304802,1.0,0.16887178254048066,0.09222280610160127,0.09222280610160127,1.0,0.02079466612359171,0.012545980031446746,0.012545980031446746,0.0
374,Singapore,65,16,True,0.31087640689544527,0.18404597992052013,0.1890734492655783,0.8737631184445648,0.34282980759358544,0.2068766437923736,0.20925253050084833,0.947971781306644,-0.03195340069814018,-0.02283066387185348,-0.02017908123527004,-0.07420866286207917
375,Singapore,65,17,True,0.31087588804982175,0.18404561621868656,0.18757192175381143,0.9073197884801748,0.3259139221232262,0.19468169912769226,0.19672036824397743,0.9494584837559161,-0.015038034073404427,-0.010636082909005695,-0.009148446490165996,-0.04213869527574132
376,Singapore,65,18,True,0.5249702734863012,0.35590487707002616,0.37309859155371056,0.8853609625687606,0.09424855879411283,0.049454801272954936,0.04950704226021473,0.9791086351004027,0.4307217146921884,0.30645007579707123,0.3235915492934958,-0.09374767253164207
377,Singapore,65,19,True,0.17255531763764673,0.09442437262870398,0.09589448632392011,0.8603202847099358,0.18747292732229512,0.10343179429209988,0.1072986910044893,0.7416038382630841,-0.014917609684648392,-0.009007421663395895,-0.011404204680569185,0.11871644644685175
378,Singapore,65,20,True,0.21187720182169256,0.11849141571744312,0.1228121353686871,0.771062271083236,0.2597054886301605,0.14923076924266812,0.15563010502981872,0.783982365923293,-0.04782828680846796,-0.030739353525225,-0.032817969661131624,-0.012920094840056962
379,Singapore,65,21,True,0.4234709717658035,0.2686096888826857,0.27905073652704376,0.8777348777506133,0.44239904989779105,0.2840259245412114,0.30482815060127544,0.8062770562980219,-0.018928078131987547,-0.015416235658525679,-0.025777414074231675,0.07145782145259139
380,Singapore,65,22,True,0.8036552235168275,0.6717588769747417,0.7161091549420727,0.9155880697852792,0.6447574334953872,0.4757505773793129,0.9066901408491773,0.5002428363404506,0.15889779002144033,0.19600829959542876,-0.1905809859071046,0.41534523344482854
381,Singapore,65,23,True,0.8647520864032309,0.7617297297348815,0.8301131008522593,0.9024077868877457,0.856159225391542,0.748495109109321,0.9375589066932715,0.787764799053895,0.00859286101168888,0.013234620625560467,-0.10744580584101215,0.11464298783385074
382,Singapore,65,24,True,0.8033192965097434,0.6712895880838069,0.8671122994687938,0.7482694970062698,0.8079250207639348,0.6777468152930385,0.910427807489026,0.7261676263654048,-0.004605724254191368,-0.006457227209231586,-0.04331550802023221,0.022101870640864996
383,Singapore,65,25,True,0.8651399491110487,0.7623318385700976,0.8581730769264863,0.8722208648943997,0.7925455662523802,0.6563772048904957,0.9302884615401373,0.6903317873761982,0.0725943828586686,0.1059546336796019,-0.07211538461365108,0.1818890775182015
384,Singapore,65,26,True,0.8826037768698756,0.7898753894113727,0.853129205924409,0.9141878492894504,0.8670009348188408,0.7652265226557872,0.8581763122500307,0.8760089301068863,0.015602842051034793,0.02464886675558553,-0.005047106325621664,0.03817891918256411
385,Singapore,65,27,True,0.8413843888082372,0.7261980424593085,0.961137281292713,0.7481665793642199,0.8488059701503821,0.7373265914723541,0.9567631224771742,0.7627414163121949,-0.007421581342144878,-0.011128549013045608,0.00437415881553882,-0.014574836947975012
386,Singapore,65,28,True,0.8047708725688445,0.6733193277349051,0.7729099678487016,0.8393714535160866,0.8062321144686408,0.6753675687228279,0.849276527333209,0.7673405156788845,-0.0014612418997963506,-0.002048240987922778,-0.07636655948450743,0.07203093783720205
387,Singapore,65,29,True,0.8142964038918338,0.6867621946715661,0.7581967213134574,0.8793611560045692,0.8192002551536132,0.693767303668757,0.8421311475422776,0.7974850578297176,-0.004903851261779391,-0.007005108997190979,-0.08393442622882019,0.08187609817485164
388,Singapore,65,30,True,0.6785232051244994,0.5134582822472502,0.581306187205306,0.8147873621809063,0.6758385217926095,0.51038980737393,0.6673056583840078,0.6845924318480633,0.00268468333188987,0.0030684748733201817,-0.08599947117870177,0.13019493033284302
389,Singapore,65,31,True,0.8669139087850214,0.7650909454339142,0.8210531960541556,0.9182008995507155,0.8613834570178718,0.7565176022846978,0.8527456027463924,0.8701980956557394,0.005530451767149613,0.008573343149216428,-0.03169240669223683,0.04800280389497613
390,Singapore,65,32,True,0.8682719876923278,0.7672090628227921,0.817846478131838,0.9253241913850782,0.8748484501890087,0.7775383239142133,0.8397154400147562,0.913049706346211,-0.006576462496680868,-0.010329261091421182,-0.021868961882918203,0.012274485038867189
391,Singapore,65,33,True,0.8970708261542191,0.8133530669305487,0.9068573524023338,0.8874932711291608,0.8795629850189212,0.7850177861486294,0.8598276494322523,0.9002255603018658,0.017507841135297908,0.02833528078191927,0.047029702970081466,-0.01273228917270508
392,Singapore,65,34,True,0.92007757476799,0.8519848771273536,0.9110572063881592,0.9292783505158284,0.7923502010826828,0.6561092477256535,0.6919850414408127,0.9267681895098019,0.12772737368530718,0.1958756294017001,0.2190721649473465,0.0025101610060265234
393,Singapore,65,35,True,0.906082148499581,0.8282908513262452,0.8514697149654731,0.968180283592436,0.6867223769745278,0.5229072398223776,0.5489904988156993,0.9167079821527429,0.21935977152505326,0.3053836115038676,0.3024792161497738,0.05147230143969317
394,Singapore,65,36,True,0.7934622467781148,0.657635655959264,0.6706880448344436,0.9712578899913068,0.4591116645943242,0.2979525862123002,0.3012920298933585,0.9641344956422383,0.33435058218379066,0.3596830697469638,0.36939601494108504,0.0071233943490685014
395,Singapore,65,37,True,0.9103574515690733,0.8354643023813769,0.9097560975618927,0.910959601099919,0.5928612059187084,0.421323900965929,0.4236788617944748,0.9869791666669749,0.31749624565036494,0.41414040141544795,0.4860772357674179,-0.07601956556705591
396,Singapore,65,38,True,0.6079400238574889,0.43671970624924455,0.4464464464533728,0.9524826481593037,0.6182905982938607,0.44748237041386263,0.4525775775844272,0.9754584681775766,-0.010350574436371773,-0.010762664164618074,-0.0061311311310544014,-0.02297582001827292
397,Singapore,65,39,True,0.7869090909116737,0.6486810551628961,0.6819327731159258,0.9300859598873901,0.42354091947467326,0.26866597726435026,0.2728991596791408,0.9454148471655448,0.36336817143700045,0.3800150778985458,0.409033613436785,-0.015328887278154735
398,Singapore,65,40,True,0.6427490814860006,0.47356687899765715,0.5318311874273308,0.8121245221293214,0.22970421651259584,0.12975471030466568,0.13054363379361433,0.9554973822106028,0.41304486497340476,0.34381216869299147,0.4012875536337165,-0.14337286008128136
399,Singapore,65,41,True,0.4616118264443676,0.30006199632361674,0.3071065990287369,0.9289827255414621,0.16395348842070037,0.08929702349022817,0.08946700513391706,0.9791666666811343,0.29765833802366726,0.21076497283338858,0.21763959389481982,-0.05018394113967217
400,Singapore,65,42,True,0.6901408452886332,0.5268817209388369,0.6805555559992285,0.7000000004285715,0.7403314918561704,0.5877192986072638,0.9305555556520062,0.6146788994360743,-0.050190646567537245,-0.0608375776684269,-0.24999999965277775,0.08532110099249712
401,Singapore,65,43,False,1.0,1.0,1.0,1.0,1.0,1.0,1.0,1.0,0.0,0.0,0.0,0.0
402,Singapore,65,44,False,1.0,1.0,1.0,1.0,1.0,1.0,1.0,1.0,0.0,0.0,0.0,0.0
403,Singapore,65,45,False,1.0,1.0,1.0,1.0,1.0,1.0,1.0,1.0,0.0,0.0,0.0,0.0
404,Singapore,65,46,False,1.0,1.0,1.0,1.0,1.0,1.0,1.0,1.0,0.0,0.0,0.0,0.0
405,Singapore,65,47,False,1.0,1.0,1.0,1.0,1.0,1.0,1.0,1.0,0.0,0.0,0.0,0.0
406,Utrecht,21,0,False,1.0,1.0,1.0,1.0,1.0,1.0,1.0,1.0,0.0,0.0,0.0,0.0
407,Utrecht,21,1,False,1.0,1.0,1.0,1.0,1.0,1.0,1.0,1.0,0.0,0.0,0.0,0.0
408,Utrecht,21,2,False,1.0,1.0,1.0,1.0,1.0,1.0,1.0,1.0,0.0,0.0,0.0,0.0
409,Utrecht,21,3,False,1.0,1.0,1.0,1.0,1.0,1.0,1.0,1.0,0.0,0.0,0.0,0.0
410,Utrecht,21,4,False,1.0,1.0,1.0,1.0,1.0,1.0,1.0,1.0,0.0,0.0,0.0,0.0
411,Utrecht,21,5,False,1.0,1.0,1.0,1.0,1.0,1.0,1.0,1.0,0.0,0.0,0.0,0.0
412,Utrecht,21,6,False,1.0,1.0,1.0,1.0,1.0,1.0,1.0,1.0,0.0,0.0,0.0,0.0
413,Utrecht,21,7,False,1.0,1.0,1.0,1.0,1.0,1.0,1.0,1.0,0.0,0.0,0.0,0.0
414,Utrecht,21,8,False,1.0,1.0,1.0,1.0,1.0,1.0,1.0,1.0,0.0,0.0,0.0,0.0
415,Utrecht,21,9,True,0.28915662736246195,0.16901408567744494,0.7500000015624999,0.1791044788371575,1.5151515128558311e-09,1.5151515128558311e-09,6.2499999609374996e-09,1.999999996e-09,0.28915662584731044,0.16901408416229344,0.7499999953125,0.1791044768371575
416,Utrecht,21,10,True,0.6949685535070805,0.532530120594571,0.9608695652344046,0.5443349754816909,0.4782608696912413,0.3142857145034013,0.4304347828563327,0.5380434785119329,0.2167076838158392,0.21824440609116974,0.530434782378072,0.006291496969757948
417,Utrecht,21,11,True,0.634532374127012,0.4646996839341729,0.9778270510026991,0.46964856235679997,0.6098439376218675,0.4386873921522129,0.5631929047531723,0.6649214660563032,0.024688436505144518,0.026012291781959962,0.41463414624952677,-0.19527290369950323
418,Utrecht,21,12,True,0.7620099392732187,0.6155218555204708,0.9829059829084179,0.6221821461116156,0.6931918656327858,0.5304465494546081,0.5584045584674638,0.9137529137730179,0.06881807364043291,0.08507530606586267,0.42450142444095407,-0.29157076766140233
419,Utrecht,21,13,True,0.49096657634392576,0.325351691130639,1.0,0.325351691130639,0.7662337662432536,0.621052631603878,0.8684452622016149,0.6855482934142666,-0.2752671898993278,-0.295700940473239,0.1315547377983851,-0.3601966022836276
420,Utrecht,21,14,True,0.4251497006848579,0.2699619773251023,0.9861111111207562,0.27099236655133735,0.5412541255639425,0.37104072426649737,0.5694444447434414,0.5157232707448282,-0.11610442487908457,-0.10107874694139507,0.41666666637731486,-0.2447309041934908
421,Utrecht,21,15,False,1.0,1.0,1.0,1.0,1.2499999984375e-09,1.2499999984375e-09,1.0,1.2499999984375e-09,0.99999999875,0.99999999875,0.0,0.99999999875
422,Utrecht,21,16,True,0.5792163543799644,0.40767386098229336,0.46008119087143695,0.7816091954525036,0.7559607293298766,0.6076662909123263,0.7293640054493418,0.784570596829029,-0.17674437494991213,-0.1999924299300329,-0.2692828145779048,-0.002961401376525341
423,Utrecht,21,17,True,0.807959570441947,0.6777954425183998,0.8772290809412051,0.7488290398273519,0.6443418013938951,0.4752981260826134,0.9567901234597538,0.4857242340011935,0.16361776904805192,0.20249731643578645,-0.07956104251854867,0.2631048058261584
424,Utrecht,21,18,True,0.7152444870620279,0.5567164179236802,0.9390735146052833,0.5775781975974736,0.6705223880658484,0.5043502666431561,0.904833836862798,0.532602252533118,0.044722098996179516,0.05236615128052413,0.034239677742485375,0.04497594506435565
425,Utrecht,21,19,True,0.7850986933585613,0.6462242563010018,0.8911328494827664,0.7016149068397114,0.6905210295079658,0.527325023978383,0.8677816345892149,0.573394495421739,0.09457766385059552,0.11889923232261879,0.02335121489355152,0.12822041141797236
426,Utrecht,21,20,True,0.7797101449304386,0.6389548693664661,0.8803927402594349,0.6996925987302035,0.7059133412392214,0.5454915530318443,0.7973817316335203,0.6332703213697243,0.0737968036912171,0.0934633163346218,0.0830110086259146,0.06642227736047923
427,Utrecht,21,21,True,0.6339859044693189,0.46411373539408135,0.9084380610454024,0.48688958384683934,0.6615263572043819,0.4942393604633379,0.9434470377045131,0.5093288102856959,-0.027540452735063004,-0.030125625069256534,-0.035008976659110735,-0.02243922643885654
428,Utrecht,21,22,True,0.7224982256947936,0.5655555555624515,0.9256949857125046,0.5924509477952702,0.6330773876314979,0.4631406210620659,0.9532346063924855,0.4739085507688723,0.0894208380632957,0.10241493450038563,-0.027539620679980836,0.1185423970263979
429,Utrecht,21,23,True,0.7678948222709958,0.6232380450583159,0.9377601585740781,0.6501305483076799,0.726778432263051,0.5708185053431694,0.9538156590693,0.5870440405076607,0.04111639000794476,0.05241953971514657,-0.016055500495221864,0.06308650780001923
430,Utrecht,21,24,True,0.8090575275410781,0.6793422404969813,0.840848056539352,0.7795832787343784,0.7844322233650545,0.6453216665044712,0.9173144876336775,0.6851773648681885,0.0246253041760236,0.03402057399251013,-0.0764664310943255,0.0944059138661899
431,Utrecht,21,25,True,0.806235552132024,0.6753723932504928,0.9167003639315716,0.7195302581493913,0.7218502111892353,0.5647618280038303,0.9444669092877144,0.5841600666979228,0.08438534094278871,0.11061056524666246,-0.027766545356142758,0.13537019145146856
432,Utrecht,21,26,True,0.7961824953454554,0.6613813906747515,0.8968953220065357,0.7158044533758932,0.7813667325872056,0.6411828344778855,0.9324522760653193,0.6724150971963361,0.014815762758249806,0.020198556196866058,-0.035556954058783674,0.04338935617955708
433,Utrecht,21,27,True,0.838701298701997,0.7222097964681861,0.912404634078248,0.7760153809198429,0.8012605551298887,0.6684192787349618,0.9339738155794106,0.7015706806303837,0.03744074357210825,0.0537905177332243,-0.021569181501162604,0.07444470028945915
434,Utrecht,21,28,True,0.8541841589705633,0.7454811919898298,0.8744985673361426,0.8347921225394229,0.8489132728429032,0.7374885426230523,0.8645415472789073,0.8338399889468437,0.005270886127660135,0.00799264936677746,0.00995702005723531,0.0009521335925791741
435,Utrecht,21,29,True,0.7959471966496373,0.6610567198020789,0.876515395345172,0.7289436117083427,0.7598659217887828,0.6127288453249767,0.9120266065882199,0.6512180174685827,0.03608127486085455,0.048327874477102184,-0.0355112112430479,0.07772559423976
436,Utrecht,21,30,True,0.7882011605421886,0.650438946529973,0.724103689768349,0.8647484708534219,0.8234285867328439,0.6998543203145777,0.8034389045688124,0.8444383411159327,-0.03522742619065533,-0.0494153737846047,-0.07933521480046335,0.020310129737489135
437,Utrecht,21,31,True,0.7881773399021925,0.6504065040669874,0.8926933659439568,0.7055696508414548,0.7703347590944525,0.6264589202574228,0.8327728523400124,0.7166063794822979,0.01784258080774004,0.023947583809564632,0.05992051360394435,-0.011036728640843041
438,Utrecht,21,32,True,0.8183638768191258,0.6925684318259621,0.8100082279915476,0.8268937080037654,0.8061499220638864,0.6752522255212151,0.8510733787130595,0.7657312066776651,0.012213954755239453,0.01731620630474695,-0.041065150721511956,0.06116250132610024
439,Utrecht,21,33,True,0.8835576737300073,0.7914046726288353,0.8863548262056703,0.8807781201856653,0.8514157643869711,0.7412741164198248,0.8713012017064782,0.8324177519916522,0.03214190934303618,0.050130556209010524,0.01505362449919212,0.048360368194013015
440,Utrecht,21,34,True,0.8636575151238012,0.7600327600342719,0.9570805236020858,0.7868510305257836,0.8371150436078706,0.7198605838070589,0.9175723919086269,0.7696300239568165,0.026542471515930588,0.04017217622721303,0.0395081316934589,0.01722100656896719
441,Utrecht,21,35,True,0.5518389083079394,0.38106182487495904,0.9647948792561887,0.386435147425866,0.5674557775273479,0.396117459154735,0.9380273494344479,0.4067625536284789,-0.015616869219408525,-0.015055634279775965,0.0267675298217408,-0.02032740620261292
442,Utrecht,21,36,True,0.5814321210846751,0.4098726114837621,0.8684210526404574,0.4370118845692017,0.5500431406481872,0.3793513835352767,0.860323886649101,0.40424857325921854,0.03138898043648797,0.030521227948485385,0.008097165991356459,0.03276331130998317
443,Utrecht,21,37,True,0.6881720430386942,0.524590163999373,0.7917525773625252,0.608557844753002,0.4980158730656731,0.3315719948042838,0.5175257732953554,0.47992351826387697,0.1901561699730211,0.19301816919508918,0.2742268040671698,0.12863432648912504
444,Utrecht,21,38,True,0.7265306122635014,0.5705128205587059,0.6793893130178894,0.780701754418026,0.5677785663897956,0.39643211106080956,0.508905852479783,0.6420545746962995,0.15875204587370573,0.17408070949789634,0.17048346053810637,0.13864717972172658
445,Utrecht,21,39,True,0.7235955056490342,0.566901408526954,0.679324894582421,0.7740384615927792,0.607521697241319,0.43628808872073577,0.6645569620960851,0.5595026643766425,0.1160738084077152,0.13061331980621826,0.0147679324863359,0.2145357972161367
446,Utrecht,21,40,True,0.6661157025069325,0.4993804213755415,0.8343685300549961,0.5543328748893628,0.6982758621014789,0.5364238411363538,0.6708074534843049,0.7280898877015528,-0.03216015959454632,-0.03704341976081227,0.1635610765706912,-0.17375701281219003
447,Utrecht,21,41,True,0.6078184111465551,0.436594203000617,0.941406250022888,0.44878957179724593,0.234234234406704,0.13265306144575176,0.20312500031127928,0.27659574506564055,0.3735841767398511,0.3039411415548653,0.7382812497116087,0.17219382673160538
448,Utrecht,21,42,True,0.6183908046415643,0.44758735450123344,0.7211796247396302,0.5412474850017611,2.6809651467343253e-10,2.6809651467343253e-10,2.6809651467343253e-10,1.0,0.6183908043734677,0.44758735423313695,0.7211796244715336,-0.4587525149982389
449,Utrecht,21,43,True,0.7556561086249257,0.6072727273441323,0.8586118252291486,0.6747474748131823,2.570694086742752e-10,2.570694086742752e-10,2.570694086742752e-10,1.0,0.7556561083678563,0.6072727270870629,0.8586118249720792,-0.3252525251868177
450,Utrecht,21,44,False,1.0,1.0,1.0,1.0,1.0,1.0,1.0,1.0,0.0,0.0,0.0,0.0
451,Utrecht,21,45,False,1.0,1.0,1.0,1.0,1.0,1.0,1.0,1.0,0.0,0.0,0.0,0.0
452,Utrecht,21,46,False,1.0,1.0,1.0,1.0,1.0,1.0,1.0,1.0,0.0,0.0,0.0,0.0
453,Utrecht,21,47,False,1.0,1.0,1.0,1.0,1.0,1.0,1.0,1.0,0.0,0.0,0.0,0.0
454,Amsterdam,116,0,False,1.0,1.0,1.0,1.0,1.0,1.0,1.0,1.0,0.0,0.0,0.0,0.0
455,Amsterdam,116,1,False,1.0,1.0,1.0,1.0,9.999999999e-11,9.999999999e-11,1.0,9.999999999e-11,0.9999999999,0.9999999999,0.0,0.9999999999
456,Amsterdam,116,2,False,1.0,1.0,1.0,1.0,2.7196083763198365e-11,2.7196083763198365e-11,1.0,2.7196083763198365e-11,0.9999999999728039,0.9999999999728039,0.0,0.9999999999728039
457,Amsterdam,116,3,False,1.0,1.0,1.0,1.0,1.5552099531018336e-10,1.5552099531018336e-10,1.0,1.5552099531018336e-10,0.999999999844479,0.999999999844479,0.0,0.999999999844479
458,Amsterdam,116,4,False,1.0,1.0,1.0,1.0,3.333333332222222e-10,3.333333332222222e-10,1.0,3.333333332222222e-10,0.9999999996666666,0.9999999996666666,0.0,0.9999999996666666
459,Amsterdam,116,5,False,1.0,1.0,1.0,1.0,7.299270067664766e-10,7.299270067664766e-10,1.0,7.299270067664766e-10,0.999999999270073,0.999999999270073,0.0,0.999999999270073
460,Amsterdam,116,6,False,1.0,1.0,1.0,1.0,1.0,1.0,1.0,1.0,0.0,0.0,0.0,0.0
461,Amsterdam,116,7,False,1.0,1.0,1.0,1.0,1.0,1.0,1.0,1.0,0.0,0.0,0.0,0.0
462,Amsterdam,116,8,False,1.0,1.0,1.0,1.0,1.0,1.0,1.0,1.0,0.0,0.0,0.0,0.0
463,Amsterdam,116,9,False,1.0,1.0,1.0,1.0,9.615384606139053e-10,9.615384606139053e-10,1.0,9.615384606139053e-10,0.9999999990384615,0.9999999990384615,0.0,0.9999999990384615
464,Amsterdam,116,10,False,1.0,1.0,1.0,1.0,3.2258064412070756e-09,3.2258064412070756e-09,1.0,3.2258064412070756e-09,0.9999999967741936,0.9999999967741936,0.0,0.9999999967741936
465,Amsterdam,116,11,False,1.0,1.0,1.0,1.0,1.0,1.0,1.0,1.0,0.0,0.0,0.0,0.0
466,Amsterdam,116,12,False,1.0,1.0,1.0,1.0,1.0,1.0,1.0,1.0,0.0,0.0,0.0,0.0
467,Amsterdam,116,13,False,1.0,1.0,1.0,1.0,1.0,1.0,1.0,1.0,0.0,0.0,0.0,0.0
468,Amsterdam,116,14,False,1.0,1.0,1.0,1.0,1.0,1.0,1.0,1.0,0.0,0.0,0.0,0.0
469,Amsterdam,116,15,False,1.0,1.0,1.0,1.0,1.0,1.0,1.0,1.0,0.0,0.0,0.0,0.0
470,Amsterdam,116,16,False,1.0,1.0,1.0,1.0,1.0,1.0,1.0,1.0,0.0,0.0,0.0,0.0
471,Amsterdam,116,17,False,1.0,1.0,1.0,1.0,1.0,1.0,1.0,1.0,0.0,0.0,0.0,0.0
472,Amsterdam,116,18,False,1.0,1.0,1.0,1.0,1.0,1.0,1.0,1.0,0.0,0.0,0.0,0.0
473,Amsterdam,116,19,False,1.0,1.0,1.0,1.0,1.0,1.0,1.0,1.0,0.0,0.0,0.0,0.0
474,Amsterdam,116,20,False,1.0,1.0,1.0,1.0,1.0,1.0,1.0,1.0,0.0,0.0,0.0,0.0
475,Amsterdam,116,21,False,1.0,1.0,1.0,1.0,1.0,1.0,1.0,1.0,0.0,0.0,0.0,0.0
476,Amsterdam,116,22,False,1.0,1.0,1.0,1.0,1.0,1.0,1.0,1.0,0.0,0.0,0.0,0.0
477,Amsterdam,116,23,False,1.0,1.0,1.0,1.0,1.0,1.0,1.0,1.0,0.0,0.0,0.0,0.0
478,Amsterdam,116,24,False,1.0,1.0,1.0,1.0,1.0,1.0,1.0,1.0,0.0,0.0,0.0,0.0
479,Amsterdam,116,25,False,1.0,1.0,1.0,1.0,1.0,1.0,1.0,1.0,0.0,0.0,0.0,0.0
480,Amsterdam,116,26,False,1.0,1.0,1.0,1.0,1.0,1.0,1.0,1.0,0.0,0.0,0.0,0.0
481,Amsterdam,116,27,False,1.0,1.0,1.0,1.0,1.0,1.0,1.0,1.0,0.0,0.0,0.0,0.0
482,Amsterdam,116,28,False,1.0,1.0,1.0,1.0,1.0,1.0,1.0,1.0,0.0,0.0,0.0,0.0
483,Amsterdam,116,29,False,1.0,1.0,1.0,1.0,1.0,1.0,1.0,1.0,0.0,0.0,0.0,0.0
484,Amsterdam,116,30,False,1.0,1.0,1.0,1.0,3.0303030211202937e-09,3.0303030211202937e-09,1.0,3.0303030211202937e-09,0.999999996969697,0.999999996969697,0.0,0.999999996969697
485,Amsterdam,116,31,False,1.0,1.0,1.0,1.0,1.0,1.0,1.0,1.0,0.0,0.0,0.0,0.0
486,Amsterdam,116,32,False,1.0,1.0,1.0,1.0,1.0,1.0,1.0,1.0,0.0,0.0,0.0,0.0
487,Amsterdam,116,33,False,1.0,1.0,1.0,1.0,1.0,1.0,1.0,1.0,0.0,0.0,0.0,0.0
488,Amsterdam,116,34,False,1.0,1.0,1.0,1.0,2.040816322365681e-09,2.040816322365681e-09,1.0,2.040816322365681e-09,0.9999999979591837,0.9999999979591837,0.0,0.9999999979591837
489,Amsterdam,116,35,False,1.0,1.0,1.0,1.0,1.394700139275495e-10,1.394700139275495e-10,1.0,1.394700139275495e-10,0.99999999986053,0.99999999986053,0.0,0.99999999986053
490,Amsterdam,116,36,False,1.0,1.0,1.0,1.0,8.064516122528616e-10,8.064516122528616e-10,1.0,8.064516122528616e-10,0.9999999991935484,0.9999999991935484,0.0,0.9999999991935484
491,Amsterdam,116,37,False,1.0,1.0,1.0,1.0,2.2727272675619835e-09,2.2727272675619835e-09,1.0,2.2727272675619835e-09,0.9999999977272728,0.9999999977272728,0.0,0.9999999977272728
492,Amsterdam,116,38,False,1.0,1.0,1.0,1.0,7.75193797848687e-10,7.75193797848687e-10,1.0,7.75193797848687e-10,0.9999999992248062,0.9999999992248062,0.0,0.9999999992248062
493,Amsterdam,116,39,False,1.0,1.0,1.0,1.0,3.8314176230530963e-10,3.8314176230530963e-10,1.0,3.8314176230530963e-10,0.9999999996168583,0.9999999996168583,0.0,0.9999999996168583
494,Amsterdam,116,40,True,0.8590163934888471,0.7528735633604174,0.8618421053540513,0.8562091504207783,0.17069062329193202,0.09330877844731068,1.0,0.09330877844731068,0.688325770196915,0.6595647849131068,-0.13815789464594874,0.7629003719734676
495,Amsterdam,116,41,True,0.9014354067017086,0.8205574912996192,0.9127906976800523,0.8903591682488746,0.7594173782079503,0.6121457490035569,0.9767441860480139,0.6211996713384882,0.14201802849375833,0.2084117422960623,-0.06395348836796166,0.26915949691038643
496,Amsterdam,116,42,True,0.8465224711844771,0.7338872670169798,0.8581932773146482,0.8351648351690477,0.782776971458844,0.6430842607384125,0.8497899159703312,0.7255605381227452,0.06374549972563315,0.0908030062785673,0.008403361344317073,0.10960429704630248
497,Amsterdam,116,43,True,0.8311965812001881,0.7111517367564479,0.8369191049984115,0.8255517826899172,0.6932350971250295,0.5304971809448873,0.8907056798670092,0.5674342105381733,0.13796148407515862,0.18065455581156065,-0.053786574868597725,0.2581175721517439
498,Amsterdam,116,44,True,0.6784432790593861,0.5133667502291828,0.7758838383979871,0.6027464443549413,0.5066231913693372,0.3392467249088634,0.784722222235813,0.37405958473144574,0.17182008769004886,0.1741200253203194,-0.00883838383782587,0.22868685962349555
499,Amsterdam,116,45,True,0.8089707649255519,0.6792199058722783,0.8706896551835611,0.7554225879016138,0.7248677248768232,0.568464730312839,0.9448275862116527,0.5879828326401297,0.0841030400487287,0.11075517555943937,-0.07413793102809163,0.16743975526148402
500,Amsterdam,116,46,True,0.6852678571779834,0.5212224109471609,0.8252688172512719,0.5858778626744509,0.3854166667022328,0.23870967747392763,0.8951612903507631,0.2455752212945741,0.29985119047575065,0.2825127334732333,-0.0698924730994912,0.34030264137987676
501,Amsterdam,116,47,False,1.0,1.0,1.0,1.0,9.174311918188705e-10,9.174311918188705e-10,1.0,9.174311918188705e-10,0.9999999990825688,0.9999999990825688,0.0,0.9999999990825688
502,Amsterdam,116,48,True,0.3968462550069848,0.24754098372991132,0.8388888889783951,0.2598967299036322,0.39008264472891196,0.2422997948167762,0.6555555557469136,0.2776470589934948,0.006763610278072818,0.005241188913135131,0.1833333332314815,-0.01775032908986257
503,Amsterdam,116,49,True,0.7088607595463182,0.5490196079694623,0.9245283019223923,0.5747800587757242,0.39539347414631537,0.2464114833437307,0.9716981132208972,0.24819277117491653,0.31346728540000285,0.30260812462573156,-0.04716981129850484,0.3265872876008077
504,Amsterdam,116,50,True,0.860068259397605,0.7544910180008247,0.906474820160706,0.8181818182113342,0.657582938408911,0.4898499559143998,0.9982014388492444,0.49028268555739546,0.20248532098869398,0.26464106208642496,-0.09172661868853837,0.3278991326539387
505,Amsterdam,116,51,True,0.6301869585211953,0.46005326235285926,0.7351063830069036,0.5514764565401854,0.7266851338999685,0.570703408297991,0.837234042570507,0.6419249592461724,-0.09649817537877314,-0.11065014594513178,-0.10212765956360348,-0.09044850270598703
506,Amsterdam,116,52,True,0.7228306655550619,0.5659630607146462,0.742214532894272,0.7044334975612123,0.6153846154025463,0.44444444448185555,0.5709342560924797,0.6673407482641718,0.10744605015251563,0.12151861623279064,0.17128027680179225,0.03709274929704054
507,Amsterdam,116,53,True,0.5894819466409152,0.4179187535104107,0.7855648535789158,0.47173366837489106,0.6451331296532025,0.4761597938481855,0.7730125523249987,0.5535580524678982,-0.05565118301228722,-0.05824104033777483,0.012552301253917153,-0.08182438409300719
508,Amsterdam,116,54,True,0.6111111111381172,0.44000000005600004,0.846153846183432,0.4782608696219282,0.32071937057621885,0.19098616692588194,0.8230769231109468,0.19916240115406414,0.29039174056189837,0.2490138331301181,0.02307692307248521,0.27909846846786407
509,Amsterdam,116,55,True,0.6934923000649035,0.5307984791231332,0.8389423077116656,0.5910245554961029,0.42320470228921026,0.2683954619361946,0.9951923076928856,0.26874391433726896,0.2702875977756932,0.26240301718693854,-0.15624999998122002,0.3222806411588339
510,Amsterdam,116,56,True,0.4102564104454306,0.2580645164281998,0.6666666670138889,0.296296296622085,0.3575418996207983,0.21768707509602478,0.6666666670138889,0.24427480944875002,0.0527145108246323,0.040377441332174996,0.0,0.05202148717333499
511,Amsterdam,116,57,True,0.5089285716477997,0.3413173656638818,0.8906250001708985,0.3562500004023438,0.47808764961032363,0.3141361260135413,0.9375000000976563,0.32085561533644086,0.03084092203747607,0.027181239650340527,-0.04687499992675781,0.03539438506590292
512,Amsterdam,116,58,True,0.8212560386646128,0.6967213115251277,0.85000000003,0.7943925234029173,0.72804054056351,0.5723771580913178,0.8620000000276,0.630116959118404,0.09321549810110286,0.12434415343380989,-0.011999999997600042,0.1642755642845133
513,Amsterdam,116,59,True,0.6456692914780829,0.4767441863507301,0.8541666668185763,0.5189873420765903,0.4078624080078962,0.2561728397357491,0.8645833334743923,0.2668810291746363,0.23780688347018675,0.220571346614981,-0.010416666655815976,0.25210631290195396
514,Amsterdam,116,60,True,0.710317460374937,0.5507692309074556,0.6215277779091917,0.8287037037830075,0.6985074627315662,0.5366972478126841,0.812500000065104,0.6125654451276006,0.011809997643370873,0.014071983094771423,-0.19097222215591236,0.21613825865540692
515,Amsterdam,116,61,True,0.7789203085117069,0.637894736918338,0.7890625000549316,0.7690355330535443,0.7761589404269988,0.6341991342783119,0.7630208333950467,0.7897574124555911,0.00276136808470806,0.0036956026400261077,0.026041666659884943,-0.020721879402046728
516,Amsterdam,116,62,True,0.7567964731993537,0.6087470449635051,0.7485465116644554,0.7652303120705453,0.7213973799369958,0.5642076503327585,0.600290697732516,0.9037199124937155,0.035399093262357906,0.04453939463074652,0.14825581393193943,-0.13848960042317027
517,Amsterdam,116,63,True,0.6282208589413226,0.4579606441041216,0.8533333333822223,0.49708737873842973,0.7089552239167966,0.5491329480637509,0.9500000000166666,0.5654761905624055,-0.08073436497547393,-0.09117230395962933,-0.09666666663444434,-0.06838881182397577
518,Amsterdam,116,64,True,0.5763157895294322,0.40480591508229097,0.6366279070823756,0.5264423078061437,0.4824462061741284,0.31791044786299844,0.6191860466223296,0.39517625243132165,0.09386958335530377,0.08689546721929253,0.017441860460046033,0.131266055374822
519,Amsterdam,116,65,False,1.0,1.0,1.0,1.0,1.0,1.0,1.0,1.0,0.0,0.0,0.0,0.0
520,Amsterdam,116,66,False,1.0,1.0,1.0,1.0,1.0,1.0,1.0,1.0,0.0,0.0,0.0,0.0
521,Amsterdam,116,67,False,1.0,1.0,1.0,1.0,1.0,1.0,1.0,1.0,0.0,0.0,0.0,0.0
522,Amsterdam,116,68,False,1.0,1.0,1.0,1.0,1.0,1.0,1.0,1.0,0.0,0.0,0.0,0.0
523,Amsterdam,116,69,False,1.0,1.0,1.0,1.0,1.0,1.0,1.0,1.0,0.0,0.0,0.0,0.0
524,Amsterdam,116,70,False,1.0,1.0,1.0,1.0,1.0,1.0,1.0,1.0,0.0,0.0,0.0,0.0
525,Amsterdam,116,71,False,1.0,1.0,1.0,1.0,1.0,1.0,1.0,1.0,0.0,0.0,0.0,0.0
526,Amsterdam,116,72,False,1.0,1.0,1.0,1.0,1.0,1.0,1.0,1.0,0.0,0.0,0.0,0.0
527,Amsterdam,116,73,False,1.0,1.0,1.0,1.0,1.0,1.0,1.0,1.0,0.0,0.0,0.0,0.0
528,Amsterdam,116,74,False,1.0,1.0,1.0,1.0,3.0030030021012e-10,3.0030030021012e-10,1.0,3.0030030021012e-10,0.9999999996996997,0.9999999996996997,0.0,0.9999999996996997
529,Amsterdam,116,75,False,1.0,1.0,1.0,1.0,2.8818443795729553e-10,2.8818443795729553e-10,1.0,2.8818443795729553e-10,0.9999999997118155,0.9999999997118155,0.0,0.9999999997118155
530,Amsterdam,116,76,False,1.0,1.0,1.0,1.0,2.832861188999189e-10,2.832861188999189e-10,1.0,2.832861188999189e-10,0.9999999997167138,0.9999999997167138,0.0,0.9999999997167138
531,Amsterdam,116,77,False,1.0,1.0,1.0,1.0,2.638522426744453e-10,2.638522426744453e-10,1.0,2.638522426744453e-10,0.9999999997361477,0.9999999997361477,0.0,0.9999999997361477
532,Amsterdam,116,78,False,1.0,1.0,1.0,1.0,2.9498525065044677e-10,2.9498525065044677e-10,1.0,2.9498525065044677e-10,0.9999999997050147,0.9999999997050147,0.0,0.9999999997050147
533,Amsterdam,116,79,False,1.0,1.0,1.0,1.0,6.711409391468853e-10,6.711409391468853e-10,1.0,6.711409391468853e-10,0.9999999993288591,0.9999999993288591,0.0,0.9999999993288591
534,Amsterdam,116,80,False,1.0,1.0,1.0,1.0,4.4843049307245266e-10,4.4843049307245266e-10,1.0,4.4843049307245266e-10,0.9999999995515695,0.9999999995515695,0.0,0.9999999995515695
535,Amsterdam,116,81,False,1.0,1.0,1.0,1.0,1.0,1.0,1.0,1.0,0.0,0.0,0.0,0.0
536,Amsterdam,116,82,False,1.0,1.0,1.0,1.0,1.0,1.0,1.0,1.0,0.0,0.0,0.0,0.0
