category,site,patient_id,slice_id,model,selection_method,selection_reason,score_grid,gt_pixels,pred_pixels,dice,iou,sensitivity,precision,tp,fp,fn,source_type,source_path,source_sha256,kind,manifest,checkpoint_path,checkpoint_sha256,provenance_status
Easy,Singapore,65,15,unet,GT-only deterministic,Low fragmentation / high burden proxy,1024x1024,15224,1404,0.16887178254048066,0.09222280610160127,0.09222280610160127,1.0,1404,0,13820,new_inference,/content/drive/MyDrive/WMH_MedSAM_Project/results/qualitative/final_supplementary_v1/selected_logits/unet_Singapore_65_015.npz,a6d4c373651d87c1f4a58ab60539bffd6120b0517b0ef78b21d33a5fedfaa5d7,logits,,/content/drive/MyDrive/WMH_MedSAM_Project/unet_baseline/checkpoints/best_unet_wmh.pth,f15b78c13d7e18d93150148a3e3c7509340feb6a67ac3f20ce824da2799c1aba,strict checkpoint load; inputs hashed
Easy,Singapore,65,15,frozen,GT-only deterministic,Low fragmentation / high burden proxy,1024x1024,15224,7521,0.549483402947683,0.3788191076662292,0.41047031004065637,0.8308735540509125,6249,1272,8975,new_inference,/content/drive/MyDrive/WMH_MedSAM_Project/results/qualitative/final_supplementary_v1/selected_logits/frozen_Singapore_65_015.npz,8c264ce814849a2ea2225f824eb728a220a91c7fd7d833a763ebdc6db6f95979,logits,,/content/drive/MyDrive/WMH_MedSAM_Project/results/ablation/frozen/a100_frozen_run004/checkpoints/best_lora_wmh.pth,704c757e7243ba5568cd678021a8d6cd14320422a7c7468d76381bf97310888c,strict checkpoint load; inputs hashed
Easy,Singapore,65,15,lora_r4,GT-only deterministic,Low fragmentation / high burden proxy,1024x1024,15224,1595,0.18966644866407237,0.10476878613304802,0.10476878613304802,1.0,1595,0,13629,saved_prediction,/content/drive/MyDrive/WMH_MedSAM_Project/benchmark_runs/unet_vs_medsam_002/logits/medsam/0373_Singapore_65_015.npz,9805a236c2ec1db1b3dc4a8c44d036ca785ef854ad3ffd30d89b9df9609cbf87,logits,/content/drive/MyDrive/WMH_MedSAM_Project/benchmark_runs/unet_vs_medsam_002/configs/medsam_cache_index.csv,,,legacy provenance unverified
Easy,Singapore,65,15,lora_r8,GT-only deterministic,Low fragmentation / high burden proxy,1024x1024,15224,1564,0.18632356445564494,0.10273252759391269,0.10273252759391269,1.0,1564,0,13660,new_inference,/content/drive/MyDrive/WMH_MedSAM_Project/results/qualitative/final_supplementary_v1/selected_logits/lora_r8_Singapore_65_015.npz,34e33954ad4c777fb95f86f92b7c0a467f0fff133588254acd11dc1ce16a4c14,logits,,/content/drive/MyDrive/WMH_MedSAM_Project/results/ablation/lora_r8/a100_r8_run002/checkpoints/best_lora_wmh.pth,4580db9dd3eb6bb0e312032c8ab6d0d2e83b29b6981658f8f88143cbb3fb46cf,strict checkpoint load; inputs hashed
Medium,Utrecht,21,17,unet,GT-only deterministic,Closest to median burden and fragmentation,1024x1024,1458,2872,0.6443418013938951,0.4752981260826134,0.9567901234597538,0.4857242340011935,1395,1477,63,new_inference,/content/drive/MyDrive/WMH_MedSAM_Project/results/qualitative/final_supplementary_v1/selected_logits/unet_Utrecht_21_017.npz,363d7e625748cb82594d048cc267dae19bacd177288c6b3f642d2808eeae8a3b,logits,,/content/drive/MyDrive/WMH_MedSAM_Project/unet_baseline/checkpoints/best_unet_wmh.pth,f15b78c13d7e18d93150148a3e3c7509340feb6a67ac3f20ce824da2799c1aba,strict checkpoint load; inputs hashed
Medium,Utrecht,21,17,frozen,GT-only deterministic,Closest to median burden and fragmentation,1024x1024,1458,9671,0.07152484500789356,0.03708880813496329,0.27297668043395223,0.041153965473672276,398,9273,1060,new_inference,/content/drive/MyDrive/WMH_MedSAM_Project/results/qualitative/final_supplementary_v1/selected_logits/frozen_Utrecht_21_017.npz,274e4988391ec2ebacfd860f5f01ff5e446ee38db90cf10349770d539bcdd6a2,logits,,/content/drive/MyDrive/WMH_MedSAM_Project/results/ablation/frozen/a100_frozen_run004/checkpoints/best_lora_wmh.pth,704c757e7243ba5568cd678021a8d6cd14320422a7c7468d76381bf97310888c,strict checkpoint load; inputs hashed
Medium,Utrecht,21,17,lora_r4,GT-only deterministic,Closest to median burden and fragmentation,1024x1024,1458,1708,0.807959570441947,0.6777954425183998,0.8772290809412051,0.7488290398273519,1279,429,179,saved_prediction,/content/drive/MyDrive/WMH_MedSAM_Project/benchmark_runs/unet_vs_medsam_002/logits/medsam/0423_Utrecht_21_017.npz,2e1386dc90a651d7a2a1bba7e767724c5e91158eacb48bd99624f3859f92cbcb,logits,/content/drive/MyDrive/WMH_MedSAM_Project/benchmark_runs/unet_vs_medsam_002/configs/medsam_cache_index.csv,,,legacy provenance unverified
Medium,Utrecht,21,17,lora_r8,GT-only deterministic,Closest to median burden and fragmentation,1024x1024,1458,1730,0.7986198243475966,0.6647519582420495,0.8731138546040388,0.7358381503042868,1273,457,185,new_inference,/content/drive/MyDrive/WMH_MedSAM_Project/results/qualitative/final_supplementary_v1/selected_logits/lora_r8_Utrecht_21_017.npz,8e9e3321a63117ca18c8bd27a0b5b692fe6ff66853e20380e79572196bfe6c2f,logits,,/content/drive/MyDrive/WMH_MedSAM_Project/results/ablation/lora_r8/a100_r8_run002/checkpoints/best_lora_wmh.pth,4580db9dd3eb6bb0e312032c8ab6d0d2e83b29b6981658f8f88143cbb3fb46cf,strict checkpoint load; inputs hashed
Difficult,Amsterdam,137,53,unet,GT-only deterministic,High fragmentation / low burden proxy,1024x1024,1952,3078,0.6838966202846144,0.519637462250162,0.8811475409896953,0.5588044184678752,1720,1358,232,new_inference,/content/drive/MyDrive/WMH_MedSAM_Project/results/qualitative/final_supplementary_v1/selected_logits/unet_Amsterdam_137_053.npz,f7849822c714cf34764584f6a2cb51a040a3c53224755edd32046ccbface0890,logits,,/content/drive/MyDrive/WMH_MedSAM_Project/unet_baseline/checkpoints/best_unet_wmh.pth,f15b78c13d7e18d93150148a3e3c7509340feb6a67ac3f20ce824da2799c1aba,strict checkpoint load; inputs hashed
Difficult,Amsterdam,137,53,frozen,GT-only deterministic,High fragmentation / low burden proxy,1024x1024,1952,107591,0.01351067617372766,0.006801283053769839,0.37909836068754615,0.006877898709922876,740,106851,1212,new_inference,/content/drive/MyDrive/WMH_MedSAM_Project/results/qualitative/final_supplementary_v1/selected_logits/frozen_Amsterdam_137_053.npz,33342e833cf8822d93dfad0a6c0caea0ec2d84d05493760c5cee4dee37478ea4,logits,,/content/drive/MyDrive/WMH_MedSAM_Project/results/ablation/frozen/a100_frozen_run004/checkpoints/best_lora_wmh.pth,704c757e7243ba5568cd678021a8d6cd14320422a7c7468d76381bf97310888c,strict checkpoint load; inputs hashed
Difficult,Amsterdam,137,53,lora_r4,GT-only deterministic,High fragmentation / low burden proxy,1024x1024,1952,2813,0.707660020992494,0.5475803832560059,0.8637295082037024,0.5993601137717968,1686,1127,266,saved_prediction,/content/drive/MyDrive/WMH_MedSAM_Project/benchmark_runs/unet_vs_medsam_002/logits/medsam/0280_Amsterdam_137_053.npz,a34a8bd1190176c155d25d163f364fc7faa5af9a363f34cee48b7b26c4240d33,logits,/content/drive/MyDrive/WMH_MedSAM_Project/benchmark_runs/unet_vs_medsam_002/configs/medsam_cache_index.csv,,,legacy provenance unverified
Difficult,Amsterdam,137,53,lora_r8,GT-only deterministic,High fragmentation / low burden proxy,1024x1024,1952,2567,0.7479530869717205,0.5973842347261441,0.8657786885314662,0.6583560576681592,1690,877,262,new_inference,/content/drive/MyDrive/WMH_MedSAM_Project/results/qualitative/final_supplementary_v1/selected_logits/lora_r8_Amsterdam_137_053.npz,89369bc7399843e7d9da1ffe7ed9e04f94d42a614d252d0b592f7929994a19ca,logits,,/content/drive/MyDrive/WMH_MedSAM_Project/results/ablation/lora_r8/a100_r8_run002/checkpoints/best_lora_wmh.pth,4580db9dd3eb6bb0e312032c8ab6d0d2e83b29b6981658f8f88143cbb3fb46cf,strict checkpoint load; inputs hashed
Small lesion,Amsterdam,112,41,unet,GT-only deterministic,Minimum positive native-mask area,1024x1024,32,139,5.847953212954413e-10,5.847953212954413e-10,3.1249999902343746e-09,7.194244599140831e-10,0,139,32,new_inference,/content/drive/MyDrive/WMH_MedSAM_Project/results/qualitative/final_supplementary_v1/selected_logits/unet_Amsterdam_112_041.npz,fbbe0ed9d363fa6537e751f23ea234043764bff7ea9c9bfaa682b516a1a1e787,logits,,/content/drive/MyDrive/WMH_MedSAM_Project/unet_baseline/checkpoints/best_unet_wmh.pth,f15b78c13d7e18d93150148a3e3c7509340feb6a67ac3f20ce824da2799c1aba,strict checkpoint load; inputs hashed
Small lesion,Amsterdam,112,41,frozen,GT-only deterministic,Minimum positive native-mask area,1024x1024,32,0,3.1249999902343746e-09,3.1249999902343746e-09,3.1249999902343746e-09,1.0,0,0,32,new_inference,/content/drive/MyDrive/WMH_MedSAM_Project/results/qualitative/final_supplementary_v1/selected_logits/frozen_Amsterdam_112_041.npz,64f639c73f622fa6cbd59c2f75ee525ed585c13bbae78aac06655c2f5733a60b,logits,,/content/drive/MyDrive/WMH_MedSAM_Project/results/ablation/frozen/a100_frozen_run004/checkpoints/best_lora_wmh.pth,704c757e7243ba5568cd678021a8d6cd14320422a7c7468d76381bf97310888c,strict checkpoint load; inputs hashed
Small lesion,Amsterdam,112,41,lora_r4,GT-only deterministic,Minimum positive native-mask area,1024x1024,32,57,0.674157303736902,0.5084745771042803,0.9375000001953125,0.5263157903047091,30,27,2,saved_prediction,/content/drive/MyDrive/WMH_MedSAM_Project/benchmark_runs/unet_vs_medsam_002/logits/medsam/0089_Amsterdam_112_041.npz,35b676540ada05ae75f70e885cf13b8a415b230ea347a2205f14b4fa1c452e62,logits,/content/drive/MyDrive/WMH_MedSAM_Project/benchmark_runs/unet_vs_medsam_002/configs/medsam_cache_index.csv,,,legacy provenance unverified
Small lesion,Amsterdam,112,41,lora_r8,GT-only deterministic,Minimum positive native-mask area,1024x1024,32,37,0.7826086959672338,0.642857143707483,0.8437500004882813,0.72972973046019,27,10,5,new_inference,/content/drive/MyDrive/WMH_MedSAM_Project/results/qualitative/final_supplementary_v1/selected_logits/lora_r8_Amsterdam_112_041.npz,4970f767766c261d2dcc8eeb720bc741d55c323b2ef32447068dfb9f00a60507,logits,,/content/drive/MyDrive/WMH_MedSAM_Project/results/ablation/lora_r8/a100_r8_run002/checkpoints/best_lora_wmh.pth,4580db9dd3eb6bb0e312032c8ab6d0d2e83b29b6981658f8f88143cbb3fb46cf,strict checkpoint load; inputs hashed
Multi-lesion,Utrecht,49,26,unet,GT-only deterministic,Maximum 8-connected component count,1024x1024,18207,18242,0.7781283437137422,0.6368331237666749,0.7788762563861215,0.7773818660246827,14181,4061,4026,new_inference,/content/drive/MyDrive/WMH_MedSAM_Project/results/qualitative/final_supplementary_v1/selected_logits/unet_Utrecht_49_026.npz,4e76e704d30316e99bef51b6210e8dfd7740e0975d817d0f326b8a02708d43fd,logits,,/content/drive/MyDrive/WMH_MedSAM_Project/unet_baseline/checkpoints/best_unet_wmh.pth,f15b78c13d7e18d93150148a3e3c7509340feb6a67ac3f20ce824da2799c1aba,strict checkpoint load; inputs hashed
Multi-lesion,Utrecht,49,26,frozen,GT-only deterministic,Maximum 8-connected component count,1024x1024,18207,128207,0.22889887579109314,0.1292409974015061,0.9203603009835758,0.13070269174137863,16757,111450,1450,new_inference,/content/drive/MyDrive/WMH_MedSAM_Project/results/qualitative/final_supplementary_v1/selected_logits/frozen_Utrecht_49_026.npz,8ec5a99165004ef58b90b024285c8116714aa2094669f489a33e4620ef7698b1,logits,,/content/drive/MyDrive/WMH_MedSAM_Project/results/ablation/frozen/a100_frozen_run004/checkpoints/best_lora_wmh.pth,704c757e7243ba5568cd678021a8d6cd14320422a7c7468d76381bf97310888c,strict checkpoint load; inputs hashed
Multi-lesion,Utrecht,49,26,lora_r4,GT-only deterministic,Maximum 8-connected component count,1024x1024,18207,14440,0.787208625601779,0.6490882456955646,0.7057725050820796,0.8898891966766628,12850,1590,5357,saved_prediction,/content/drive/MyDrive/WMH_MedSAM_Project/benchmark_runs/unet_vs_medsam_002/logits/medsam/0157_Utrecht_49_026.npz,d6dc439c1096370cde52ec2995ac4c5a706bcedfc900df37dcf32736532a16ec,logits,/content/drive/MyDrive/WMH_MedSAM_Project/benchmark_runs/unet_vs_medsam_002/configs/medsam_cache_index.csv,,,legacy provenance unverified
Multi-lesion,Utrecht,49,26,lora_r8,GT-only deterministic,Maximum 8-connected component count,1024x1024,18207,14778,0.7844777929368365,0.6453833491313145,0.7106058109534212,0.8754905941272466,12938,1840,5269,new_inference,/content/drive/MyDrive/WMH_MedSAM_Project/results/qualitative/final_supplementary_v1/selected_logits/lora_r8_Utrecht_49_026.npz,a442b3e2fb10e8a02fd41b8269184b92920aa2f13f26390441384514a6189201,logits,,/content/drive/MyDrive/WMH_MedSAM_Project/results/ablation/lora_r8/a100_r8_run002/checkpoints/best_lora_wmh.pth,4580db9dd3eb6bb0e312032c8ab6d0d2e83b29b6981658f8f88143cbb3fb46cf,strict checkpoint load; inputs hashed
